Lake,lat,long
Yxningen,58.27423548,16.21963908
"Yttre Åsunden (pelagialt, djupaste punkten)",57.65965677,13.3045836
Ymsen,58.66694638,13.96804143
YELLOW LAKE - COMPOSITE - (AB05AJ0110),49.73333,-111.5
8 Mellanfjärden,59.278456,15.491181
Yddingen,55.54558022,13.25835768
WYLIE LAKE - COMPOSITE - (AB07MD0110),59.33306,-110.37472
WOOD BUFFALO LAKE - COMPOSITE - (AB07JB0010),56.32083,-113.13444
WOLF LAKE - COMPOSITE - (AB06AB0320),54.7,-110.95
WIZARD LAKE - WEST BASIN COMPOSITE - (AB05DF0740),53.11028,-113.89472
WIZARD LAKE - EAST BASIN COMPOSITE - (AB05DF0760),53.11139,-113.84222
WIZARD LAKE - COMPOSITE - (AB05DF0330),53.11667,-113.85
Winnipeg_MERIS,52.7,-97.15
winnipeg,50.388,-96.81
Wingra,43.053,-89.425
Windermere_south,54.33,-2.94
Windermere_north,54.385072,-2.937148
WINAGAMI LAKE - COMPOSITE - (AB07BF0110),55.61667,-116.73333
WILSON LAKE - COMPOSITE - (AB07GE0220),54.92722,-119.04694
WIDNR_WQX-713243,44.183048,-88.404179
WIDNR_WQX-683256,43.065825,-88.431112
WIDNR_WQX-683170,42.998886,-88.457782
WIDNR_WQX-683142,43.112494,-88.446119
WIDNR_WQX-673208,43.459444,-88.103616
WIDNR_WQX-673206,43.373347,-88.26372
WIDNR_WQX-663103,46.070273,-91.94584
WIDNR_WQX-653217,42.788325,-88.552507
WIDNR_WQX-653122,42.559605,-88.54181
WIDNR_WQX-643451,45.992214,-88.98723
WIDNR_WQX-643088,45.917774,-89.43473
WIDNR_WQX-643058,45.981384,-89.165008
WIDNR_WQX-603312,43.549996,-87.954728
WIDNR_WQX-563056,45.186938,-92.615008
WIDNR_WQX-503140,44.471107,-89.334724
WIDNR_WQX-503139,44.600554,-89.340558
WIDNR_WQX-493122,45.314163,-92.410288
WIDNR_WQX-493104,45.31722,-92.355835
WIDNR_WQX-493064,45.404163,-92.541679
WIDNR_WQX-493063,45.405271,-92.512785
WIDNR_WQX-443386,45.839718,-89.57779
WIDNR_WQX-443253,45.87568,-89.054375
WIDNR_WQX-443078,45.595833,-89.51417
WIDNR_WQX-373416,44.722775,-89.433622
WIDNR_WQX-373390,44.816103,-89.346112
WIDNR_WQX-213131,45.678051,-88.981678
WIDNR_WQX-213124,45.539994,-88.903901
WIDNR_WQX-103132,44.72888,-90.843342
WIDNR_WQX-093123,45.24791,-91.411004
WIDNR_WQX-073086,46.042164,-92.179667
WIDNR_WQX-073082,46.029661,-92.129168
WIDNR_WQX-073079,45.920329,-92.409667
WIDNR_WQX-073041,45.962332,-92.074175
WIDNR_WQX-033140,45.623604,-91.58084
WIDNR_WQX-013038,44.204437,-89.80529
WHITESAND LAKE (E68): RAMP CM3 - COMPOSITE - (AB07PA0070),59.19779,-115.45583
WHITEFISH LAKE - COMPOSITE - (AB06AA0255),54.36667,-111.89167
Ämten,58.12154,15.99629
WHALEBACK LAKE - COMPOSITE - (AB07MD0190),59.70778,-110.355
West Long Lake,46.24,-89.5
WENTZEL LAKE - COMPOSITE - (AB07KA0040),59.01806,-114.46722
WEEKES LAKE (L107): RAMP S1 - COMPOSITE - (AB07MD0170),59.71834,-110.01388
WEED LAKE - COMPOSITE - (AB05CE2230),51.00396,-113.66131
Waynewood,41.395565,-75.362898
WATERLILY LAKE (L61) - COMPOSITE - (AB07DA1920),57.66,-112.55
WARD LAKE - COMPOSITE - (AB07BE0520),54.73333,-112.55
WAPASU LAKE - COMPOSITE - (AB05EE2060),53.35917,-111.61278
WAKOMOA LAKE - COMPOSITE - (AB05EC0890),54.16917,-113.55417
WADLIN LAKE - COMPOSITE - (AB07JD0190),57.73333,-115.58333
WABAMUN LAKE - WEST BASIN COMPOSITE - (AB05DE0620),53.55556,-114.68639
WABAMUN LAKE - MOONLIGHT BAY COMPOSITE - (AB05DE0640),53.56111,-114.44361
WABAMUN LAKE - MAIN BASIN COMPOSITE - (AB05DE0650),53.54027,-114.53139
WABAMUN LAKE - EAST BASIN COMPOSITE - (AB05DE0630),53.54027,-114.53139
Öljaren,59.15881,15.95425
Vombsjön,55.69850703,13.5548195
Anderssjön,Â 62.71782,17.24759
Örö Kl SO,57.5944,16.8174
Viren,56.63691006,15.22508035
VINCENT LAKE - COMPOSITE - (AB05ED0310),54.11528,-111.34861
Vikasjön,60.50202482,15.71631131
VICTOR LAKE - COMPOSITE - (AB07GA0045),53.88506,-119.08443
Armsjön,62.16681,17.37293
Valasjön,63.00340363,17.51882784
Västra Ringsjön,55.88434495,13.47997108
Västeråsfjärden N,59.59277023,16.55261639
Vässledasjön,57.75002396,14.79400977
Väsman Sollen O,60.18617723,15.12549321
Värsjön,62.66912017,15.90259934
Värmullen,60.03368306,13.68033803
"Värmeln, centrala delen",59.50358369,12.95659924
Backcountry,,
Björsund,59.469437,16.697509
Blanksjön,56.21232,15.17849
V. Skälsjön,59.93475,15.55294
V. Rännöbodsjön,62.33097665,16.99063008
Brommö N,58.84148,13.65009
"V Storsjön 1,2 km O Gravholmen",60.56272969,16.73494264
"V Öresjön, Djupaste punkten",57.40956,12.59504
UTIKUMASIS LAKE - COMPOSITE - (AB07JA0247),55.90138,-115.70209
UTIKUMA LAKE - COMPOSITE - (AB07JA0300),55.83333,-115.41667
USGS-492142094421501,49.36166667,-94.7041667
USGS-492016094494201,49.33777778,-94.8283333
USGS-491958094514301,49.33277778,-94.8619444
USGS-491528094470601,49.25777778,-94.785
USGS-482709092264601,48.45240555,-92.4462623
USGS-422622122004000,42.4391649,-122.0122388
UPPER THERIEN LAKE - COMPOSITE - (AB05ED1015),53.97137,-111.28629
UPPER MANN LAKE - COMPOSITE - (AB06AA0140),54.14556,-111.51944
UPPER KANANASKIS LAKE - COMPOSITE - (AB05BF0160),50.61667,-115.15
UPPER CHAIN LAKE (NEAR PONOKA) - COMPOSITE - (AB05CD2150),52.61,-113.46222
Unnen,56.8924164,13.55470955
UNNAMED LAKE L83 - COMPOSITE - (AB07OB0220),59.37611,-116.89472
UNNAMED LAKE L82 - COMPOSITE - (AB07OB0200),59.43694,-116.57444
UNNAMED LAKE L81 - COMPOSITE - (AB07OB0180),59.65528,-116.75667
UNNAMED LAKE L78 - COMPOSITE - (AB07OB0160),59.76139,-116.6975
UNNAMED LAKE L77 - COMPOSITE - (AB07OB0140),59.91,-116.60972
UNNAMED LAKE L73 - COMPOSITE - (AB07PA0160),59.78389,-115.60972
UNNAMED LAKE L72 - COMPOSITE - (AB07PA0140),59.83556,-115.85528
UNNAMED LAKE L71 - COMPOSITE - (AB07PA0120),59.98194,-115.25889
UNNAMED LAKE L70 - COMPOSITE - (AB07PA0100),59.92806,-115.285
UNNAMED LAKE L69 - COMPOSITE - (AB07KF0160),57.865,-112.35528
UNNAMED LAKE L68 - COMPOSITE - (AB07KF0140),57.83667,-112.46056
UNNAMED LAKE L59 - COMPOSITE - (AB07KD0140),57.59472,-112.77917
UNNAMED LAKE L50 - COMPOSITE - (AB07KD0120),57.67333,-112.80833
UNNAMED LAKE L27 - COMPOSITE - (AB07KD0060),57.59722,-113.30583
UNNAMED LAKE L100 - COMPOSITE - (AB07OC0070),57.26583,-119.63583
UNNAMED LAKE (R1): RAMP S3 - COMPOSITE - (AB07NA0330),59.1985,-110.68682
UNNAMED LAKE (PREVIOUSLY 15 MILE LAKE) - COMPOSITE - (AB07DA2090),56.89417,-110.90333
UNNAMED LAKE (P98): RAMP WF7 - COMPOSITE - (AB07CC0420),56.78304,-111.78949
UNNAMED LAKE (P97): RAMP WF6 - COMPOSITE - (AB07DA3210),56.80996,-111.72061
UNNAMED LAKE (P96): RAMP WF5 - COMPOSITE - (AB07DA3190),56.80013,-111.91692
UNNAMED LAKE (P94): RAMP WF4 - COMPOSITE - (AB07DA3170),57.14641,-111.9824
UNNAMED LAKE (P7): RAMP NE8 - COMPOSITE - (AB07DC0560),57.23175,-110.74492
UNNAMED LAKE (P49): RAMP BM11 - COMPOSITE - (AB07DA3110),57.69361,-111.90582
UNNAMED LAKE (P27): RAMP NE7 - COMPOSITE - (AB07DC0540),57.14659,-110.86283
UNNAMED LAKE (P23): RAMP NE6 - COMPOSITE - (AB07DA3130),57.26945,-110.90376
UNNAMED LAKE (P13): RAMP BM10 - COMPOSITE - (AB07DA3090),57.3141,-112.39454
UNNAMED LAKE (O-2/E67): RAMP CM4 - COMPOSITE - (AB07PA0280),59.31038,-115.33011
UNNAMED LAKE (O-10): RAMP S5 - COMPOSITE - (AB07NA0310),59.12423,-110.68666
UNNAMED LAKE (O-1/E55):RAMP CM5 - COMPOSITE - (AB07PC0080),59.23777,-114.52473
UNNAMED LAKE (N. OF WYLIE LAKE) - COMPOSITE - (AB07MD0130),59.4325,-110.30611
UNNAMED LAKE (L98) - COMPOSITE - (AB07HF0120),57.6125,-117.97361
UNNAMED LAKE (L97) - COMPOSITE - (AB07HF0100),57.65528,-117.89028
UNNAMED LAKE (L96) - COMPOSITE - (AB07JF0110),58.205,-116.90361
UNNAMED LAKE (L92) - COMPOSITE - (AB07HC0180),56.91444,-116.95167
UNNAMED LAKE (L90) - COMPOSITE - (AB07HC0160),56.97083,-116.7
UNNAMED LAKE (L9) - COMPOSITE - (AB07DC0400),57.18472,-110.45056
UNNAMED LAKE (L89) - COMPOSITE - (AB07HE0110),57.38056,-116.90361
UNNAMED LAKE (L88) - COMPOSITE - (AB07HE0090),57.21833,-116.95167
UNNAMED LAKE (L86) - COMPOSITE - (AB07HE0050),57.55639,-116.2325
UNNAMED LAKE (L84) - COMPOSITE - (AB07HF0080),58.20278,-116.44306
UNNAMED LAKE (L80) - COMPOSITE - (AB07PA0260),59.66,-116.32028
UNNAMED LAKE (L8): RAMP NE3 - COMPOSITE - (AB07DC0430),57.0458,-110.5975
UNNAMED LAKE (L79) - COMPOSITE - (AB07PA0240),59.71389,-116.36833
UNNAMED LAKE (L76) - COMPOSITE - (AB07PA0220),59.94361,-116.54167
UNNAMED LAKE (L75) - COMPOSITE - (AB07PA0200),59.66,-115.97806
UNNAMED LAKE (L74) - COMPOSITE - (AB07PA0180),59.615,-115.61833
UNNAMED LAKE (L7): RAMP NE2 - COMPOSITE - (AB07DC0460),57.0903,-110.7519
UNNAMED LAKE (L60): RAMP BM3 - COMPOSITE - (AB07KD0160),57.65363,-112.61777
UNNAMED LAKE (L6) - COMPOSITE - (AB07DA1990),57.07444,-110.82917
UNNAMED LAKE (L58) - COMPOSITE - (AB07JE0030),57.47528,-113.11667
UNNAMED LAKE (L57) - COMPOSITE - (AB07JE0050),57.44139,-113.23333
UNNAMED LAKE (L56) - COMPOSITE - (AB07DB0280),57.20167,-113.0625
UNNAMED LAKE (L55) - COMPOSITE - (AB07DB0260),57.1825,-112.6625
UNNAMED LAKE (L51) - COMPOSITE - (AB07DB0210),57.1825,-112.6625
UNNAMED LAKE (L5) - COMPOSITE - (AB07DA2000),57.0425,-110.88194
UNNAMED LAKE (L49): RAMP BM5 - COMPOSITE - (AB07KD0100),57.76,-112.5967
UNNAMED LAKE (L48) - COMPOSITE - (AB07DA2370),57.705,-112.1875
UNNAMED LAKE (L47): RAMP BM4 - COMPOSITE - (AB07KD0010),57.68939,-112.7361
UNNAMED LAKE (L45) - COMPOSITE - (AB07DD0560),57.84194,-111.135
UNNAMED LAKE (L44) - COMPOSITE - (AB07DD0540),57.91611,-111.09167
UNNAMED LAKE (L43) - COMPOSITE - (AB07DD0520),57.91806,-111.005
UNNAMED LAKE (L42) - COMPOSITE - (AB07DD0500),57.98528,-110.98028
UNNAMED LAKE (L40) - COMPOSITE - (AB07DD0460),57.94306,-110.67306
UNNAMED LAKE (L4): RAMP NE1 - COMPOSITE - (AB07DC0200),57.1519,-110.85141
UNNAMED LAKE (L39/E9/A150): RAMP NE4 - COMPOSITE - (AB07DD0430),57.9583,-110.3833
UNNAMED LAKE (L33) - COMPOSITE - (AB07DA2270),57.42472,-112.24639
UNNAMED LAKE (L28): RAMP BM6 - COMPOSITE - (AB07KD0030),57.85559,-112.97169
UNNAMED LAKE (L21) - COMPOSITE - (AB07DA2230),57.60806,-112.5
UNNAMED LAKE (L15) - COMPOSITE - (AB07DC0280),57.13278,-110.2
UNNAMED LAKE (L14) - THICKWOOD HILLS COMPOSITE - (AB07DC0170),57.26139,-110.20111
UNNAMED LAKE (L13) - COMPOSITE - (AB07DC0310),57.27444,-110.24167
UNNAMED LAKE (L11) - COMPOSITE - (AB07DC0370),57.40417,-110.28083
UNNAMED LAKE (L102) - COMPOSITE - (AB07FC0040),57.11722,-119.88583
UNNAMED LAKE (L10) - COMPOSITE - (AB07DC0230),57.46583,-110.43722
UNNAMED LAKE (E15): RAMP NE5 - COMPOSITE - (AB07DA3050),56.8917,-110.90001
UNNAMED LAKE (A86): RAMP SM7 - COMPOSITE - (AB07CE0640),55.68109,-111.82675
UNNAMED LAKE (A59): RAMP WF3 - COMPOSITE - (AB07CB1010),55.91089,-112.86432
UNNAMED LAKE (A47): RAMP WF2 - COMPOSITE - (AB07JB0400),56.24517,-113.14113
UNNAMED LAKE (A42): RAMP WF1 - COMPOSITE - (AB07JB0370),56.35128,-113.1844
UNNAMED LAKE (A301): RAMP S4 - COMPOSITE - (AB07MD0410),59.17083,-110.56
UNNAMED LAKE (A300) - COMPOSITE - (AB07CB1030),56.19639,-113.15766
UNNAMED LAKE (A29): RAMP SM5 - COMPOSITE - (AB07CE0660),56.16835,-111.54464
UNNAMED LAKE (A26): RAMP SM6 - COMPOSITE - (AB07CE0680),56.22268,-111.1693
UNNAMED LAKE (A24): RAMP SM9 - COMPOSITE - (AB07CE0700),56.2225,-111.25179
UNNAMED LAKE (A21): RAMP SM10 - COMPOSITE - (AB07CE0720),56.26074,-111.26121
UNNAMED LAKE (94): RAMP SM1 - COMPOSITE - (AB07CE0840),55.75829,-110.75
UNNAMED LAKE (82): RAMP SM2 - COMPOSITE - (AB07CE0820),55.7917,-111.825
UNNAMED LAKE (6): RAMP NE10 - COMPOSITE - (AB07CD0260),56.6417,-110.2
UNNAMED LAKE (4): RAMP NE9 - COMPOSITE - (AB07DA3150),56.7667,-110.9
UNNAMED LAKE (28): RAMP SM4 - COMPOSITE - (AB07CE0800),56.15135,-111.23158
UNNAMED LAKE (27): RAMP SM3 - COMPOSITE - (AB07CE0780),56.2,-111.3667
UNNAMED LAKE (25): RAMP SM8 - COMPOSITE - (AB07CE0760),56.2083,-111.19999
UNNAMED LAKE (1): RAMP WF8 - THICKWOOD HILLS COMPOSITE - (AB07DB0180),56.76946,-111.94821
UNNAMED LAKE - NORTH OF COWPER L.COMPOSITE - (AB07CE0220),55.95278,-110.38833
UNNAMED LAKE - L108 (S. OF WOODMAN LAKE) - COMPOSITE - (AB07NA0180),59.48556,-110.48194
UNNAMED LAKE - INTO COTTONWOOD CRCL. COMPOSITE - (AB07CE0160),56.17917,-111.10444
UNNAMED LAKE - COMPOSITE - (AB07PC0030),59.48028,-115.16194
UNNAMED LAKE - COMPOSITE - (AB07PC0010),59.40806,-114.75917
UNNAMED LAKE - COMPOSITE - (AB07PA0050),59.31083,-115.35083
UNNAMED LAKE - COMPOSITE - (AB07PA0030),59.48556,-115.52694
UNNAMED LAKE - COMPOSITE - (AB07PA0010),59.24944,-116.02833
UNNAMED LAKE - COMPOSITE - (AB07OB0110),59.05444,-116.2475
UNNAMED LAKE - COMPOSITE - (AB07NB0070),59.76111,-110.77722
UNNAMED LAKE - COMPOSITE - (AB07NA0160),59.46028,-110.82389
UNNAMED LAKE - COMPOSITE - (AB07KB0030),59.23861,-114.52417
UNNAMED LAKE - COMPOSITE - (AB07KB0010),59.26111,-114.35194
UNNAMED LAKE - COMPOSITE - (AB07JA0110),56.23861,-114.38889
UNNAMED LAKE - COMPOSITE - (AB07HC0090),56.6575,-119.2925
UNNAMED LAKE - COMPOSITE - (AB07HB0040),56.76806,-116.6325
UNNAMED LAKE - COMPOSITE - (AB07HA0280),56.19444,-116.84222
UNNAMED LAKE - COMPOSITE - (AB07GF0100),54.91194,-118.13444
UNNAMED LAKE - COMPOSITE - (AB07BF0090),55.975,-116.48444
Ulvhällsfjärden,59.36783167,17.05508222
Dyrsjön,60.6522,13.49135
TYRRELL LAKE - COMPOSITE - (AB05AF0010),49.38333,-112.26667
TWO LAKE (L104) - COMPOSITE - (AB07GC0080),54.35139,-119.785
TWIN LAKE(WEST)(L94) - COMPOSITE - (AB07HC0200),57.44361,-117.5525
TWIN LAKE - COMPOSITE - (AB05EA0290),52.91667,-114.33333
Tväringen,62.244407,15.6764749
TUNSTALL RESERVOIR NEAR DAM WALL WEST,54.76245534,-1.9024148
TULIP LAKE - COMPOSITE - (AB07NB0030),59.90528,-111.15278
TUCKER LAKE - SITE 2 COMPOSITE - (AB06AC0735),54.52389,-110.6
TUCKER LAKE - COMPOSITE - (AB06AC0740),54.53611,-110.63056
Tryssjön,60.43467577,15.08336456
Trout bog,46.041,-89.686
Trout,46.029,-89.665
Ekoln special,59.78748,17.61614
Trehörningen,59.53075245,18.35536277
TRAP LAKE (L105) - COMPOSITE - (AB07GC0100),54.61944,-119.96917
Trätten S,60.03247475,15.9559955
TRADING POST LAKE (L101) - COMPOSITE - (AB07FC0020),57.07444,-119.76306
TOUCHWOOD LAKE - SOUTH BASIN COMPOSITE - (AB06AB0457),54.79194,-111.41361
TOUCHWOOD LAKE - COMPOSITE - (AB06AB0150),54.83889,-111.38028
Tomeshultagölen,56.73875,15.40685227
"Tolken, Djupaste punkten",57.796022,13.254453
"Tolken (Mark), Djupaste punkten",57.37551,12.61631
"Tjärnesjön (pelagialt, djupaste punkten)",57.14467842,12.85853171
TIPERARY LAKE - COMPOSITE - (AB07BE0740),54.4,-113.23333
THUNDER LAKE - COMPOSITE - (AB07BB0250),54.15,-114.75
THE MERE NEAR PUMPHOUSE,53.32976285,-2.40147696
TEPEE LAKE - COMPOSITE - (AB07JB0050),56.42361,-113.95722
TAWATINAW LAKE - COMPOSITE - (AB07BE0460),54.33333,-113.46666
TALBOT LAKE - COMPOSITE - (AB07JD0020),57.46222,-115.73444
Taihu-THLO8,31.249478,120.169004
Taihu-THLO7,31.325288,120.186131
taihu,31.270767,120.21876
Tångerdasjön,57.46399,15.05955
Tärnan SSO,59.09118,13.46394
Tärnan,59.55704,18.36603
Tängersjö,57.46609,16.03284
Eriksundsbron,,
SYLVAN LAKE - COMPOSITE - (AB05CC0700),52.35,-114.16667
SWARTZ LAKE - COMPOSITE - (AB07AH0450),54.67944,-115.62667
SWAN LAKE (WEST OF VALLEYVIEW) - COMPOSITE - (AB07GF0310),55.06111,-117.80861
SWAN LAKE (WEST OF CAROLINE) - COMPOSITE - (AB05DB0140),52.11806,-115.17139
Svinnegarnsviken,59.56834,17.07067
Svinarydsjön,56.17746602,14.93721763
Svartsjön,56.85098156,13.23445094
Svartesjön,56.85073862,13.28989149
Svanshalssjön,56.41889,13.94921
Svaneholmssjön,55.50075761,13.48254651
Superior,46.54417,-84.74889
SULPHUR LAKE - COMPOSITE - (AB07HC0210),56.70694,-118.31167
STURGEON LAKE - WEST ARM COMPOSITE - (AB07GH0230),55.10861,-117.52944
STURGEON LAKE - MAIN BASIN COMPOSITE - (AB07GH0220),55.10278,-117.5375
Fällbanken NO,58.883928,13.26277
Stråken,57.85813289,13.86709244
Fällbanken NV,58.918272,13.079432
Fagerhultasjön,57.49673,15.35808
"Storsjön, Norbyviken, Stordjupet",60.57418925,16.62984962
Storsjön,61.6428508,15.79148994
Farstusjön,56.53506,13.99375
Fulleröfjärden S,,
Funbosjön,59.85957,17.85953
Stor-Backsjön,62.67597892,14.51652011
Storasjö,56.94784,15.27119
Stora Vänstern,58.61717913,15.17002297
Stora Nätaren,57.80216467,14.55892374
Gätejaure,Â 62.98150,13.75761
Stora Envättern,59.11674,17.3459
Galten V,59.46926,16.08846
Geten,58.56099,15.72167
STOBART LAKE - COMPOSITE - (AB05BM0800),50.91667,-113.18333
Stensjön,59.17446015,18.32440451
Stengårdshultasjön,57.55777929,13.80204466
STEELE (CROSS) LAKE - COMPOSITE - (AB07BC0110),54.65,-113.76667
Grönskogssjön,57.16269,16.34729
Gyltigesjön,56.75317,13.174
St. Lummersjön,58.11417,14.10621
St. Aspen,59.14242072,16.13623568
St Skärsjön,57.16785,14.50945
"St Hålsjön, Djupaste punkten",57.56752,12.64133
SPRUCE COULEE RESERVOIR - COMPOSITE - (AB11AB0010),49.68333,-110.18333
SPRING LAKE - COMPOSITE - (AB05EA0260),53.51667,-114.13333
Spjutsjön,60.6470296,15.43758769
Sparkling,46.008,-89.701
SOUTH TEA LAKE - COMPOSITE - (AB07BK0200),54.78472,-115.02528
South Lake,50.646101,-100.010736
Sommen väst,58.13390381,14.97071965
Sommen nordväst,58.13390381,14.97071965
Sommen,58.13390381,14.97071965
Snogeholmssjön,55.56434481,13.72087992
SNIPE LAKE - COMPOSITE - (AB07GH0240),55.11667,-116.78333
SMOKE LAKE - COMPOSITE - (AB07GG0010),54.36667,-116.93333
Härö Nygrund NO,59.249079,13.765729
Skreia,60.6523407,11.0873654
Skirösjön,57.36492,15.38146
Härbillingen,56.96684,12.73655
SKELETON LAKE - SOUTH BASIN - COMPOSITE - (AB06AA0410),54.61472,-112.72806
SKELETON LAKE - NORTH BASIN - COMPOSITE - (AB06AA0440),54.64389,-112.70528
SKELETON LAKE - COMPOSITE - (AB06AA0450),54.60083,-112.70528
Skarven,59.55366034,17.80745934
Skärsjösjön,57.83190815,14.78195135
Skärgölen,58.59103664,15.51303187
Skäravattnet,56.32341,14.37544
SINCLAIR LAKE - COMPOSITE - (AB07GJ0280),55.39667,-119.74694
SILER (STONEY) LAKE - COMPOSITE - (AB05ED0270),53.86667,-111.1
Siggeforasjön,59.97846017,17.16228745
SHORNCLIFFE LAKE - COMPOSITE - (AB05FD0030),52.46944,-110.8675
SHOOTING LAKE - COMPOSITE - (AB05FC0220),52.2,-112.35
SHININGBANK LAKE - COMPOSITE - (AB07AG0765),53.85781,-116.03667
SHERBURNE LAKE - COMPOSITE GRASSY LAKE - (AB05AJ0090),49.76667,-111.76667
SEMO LAKE - COMPOSITE - (AB07KA0060),58.84444,-115
Hagsjön,58.76223,15.93372
SCOTS LAKE - COMPOSITE - (AB05BN0410),50.35,-111.61667
Saxen,60.15636,14.98043
SASKATOON LAKE - COMPOSITE - (AB07GE0240),55.21722,-119.08778
Sangen,61.92772625,14.89691201
SANDY LAKE - SOUTH BASIN COMPOSITE - (AB05EA0390),53.77222,-114.02972
SANDY LAKE - NORTH BASIN COMPOSITE - (AB05EA0370),53.80944,-114.04861
SANDY LAKE - COMPOSITE - (AB07JA0390),55.84514,-113.37153
SAND LAKE (L22) - COMPOSITE - (AB07DA2250),57.65083,-112.36667
Hedgärdessjö,57.50694,12.6337
Salen,56.86459581,14.55586859
Sövdesjön,55.5813124,13.66288312
Sövdeborgssjön,55.58123136,13.69445007
Södra Gusjön,57.3789616,13.59314306
Södra Färgen,56.90610803,13.34114289
"Södra Dellen, profundal",61.75734,16.85089
Sätterholmsfjärden Hammarö/Karlstad kommun,59.327285,13.64081904
Sätoftasjön,55.89106691,13.55151126
Sännen,56.32502143,15.35816647
"Sämsjön (pelagialt, djupaste punkten)",57.64302198,13.3727338
Säbysjön,57.9875678,14.9332174
Hemfjärden,59.28158192,15.33852571
Hjulstabron V,59.53229,17.008992
S. Vidöstern,56.97891061,13.98442141
S. Björkfjärden SO,59.29018587,17.51992707
S. Barken,60.00868313,15.65115014
"S Dellen, D 100",61.79128536,16.67796028
Rusken,57,14
Rundbosjön,58.80859,17.36908
RUDYARD RESR WFD + FWF STILLWATERS,53.12243332,-2.07505995
Hulingen,57.47814288,15.85610411
"Roxen Li15, centrala delen",58.51387579,15.63961215
ROCKY ISLAND LAKE (E59): RAMP CM2 - COMPOSITE - (AB07JF0060),59.13313,-115.13334
ROCK LAKE - COMPOSITE - (AB07AC0160),53.46029,-118.26896
ROCK ISLAND LAKE - COMPOSITE - (AB07CB0800),55.49167,-113.38333
ROCHE LAKE - COMPOSITE - (AB07BK0300),54.76611,-114.90583
REESOR LAKE RESERVOIR - COMPOSITE - (AB11AB0030),49.66667,-110.11667
RED DEER LAKE - EUPHOTIC COMPOSITE - (AB05FA2070),52.72625,-113.06556
RAY LAKE - COMPOSITE - (AB07HC0110),56.6625,-119.12417
RATTLESNAKE (SAUDER) LAKE - COMPOSITE - (AB05AH0120),50,-110.96667
Rasjön mitt,57.58163572,13.90440045
Ramsjön,60.07563654,17.43763294
Rammsjön,58,16.54998258
Ralången,58,15
"Råbelövssjön, södra delen",56.08926,14.22281
RABBIT LAKE (L16) - COMPOSITE - (AB07DB0160),57.03694,-112.945
Huskvarna,Â 57.80322,14.26526
R BLITHE - BLITHFIELD RESERVOIR CAUSEWAY,52.8121815,-1.91509206
Prospect Point,53.919999,-106.104533
PRIMROSE LAKE - SOUTH BASIN COMPOSITE - (AB06AF0200),54.7875,-110.03056
PRIMROSE LAKE - NORTH BASIN COMPOSITE - (SA06AF0130),54.90111,-109.63389
PRESTON DOCKS LARGE BASIN SPT 1,53.75773231,-2.75022935
Prästfjärden,59.42695204,17.4265734
POLICE OUTPOST LAKE - COMPOSITE - (AB05AE0090),49.00962,-113.45541
PINEHURST LAKE - MAIN - COMPOSITE - (AB06AB0260),54.65872,-111.46729
PINE LAKE - SOUTH SIDE REGION COMPOSITE - (AB05CE0910),52.06833,-113.40972
PINE LAKE - NORTH SIDE REGION COMPOSITE - (AB05CE0980),52.06833,-113.40972
PINE LAKE - MIDDLE REGION COMPOSITE - (AB05CE0950),52.06833,-113.40972
PINE LAKE - COMPOSITE - (AB05CE0920),52.10333,-113.45417
PIGEON LAKE - COMPOSITE - (AB05FA0480),53,-114.01667
PIERCE LAKE - COMPOSITE - (SA06AF0230),54.50917,-109.72194
PETER'S DUGOUT - COMPOSITE - (AB07BE0430),54.56666,-113.55
Peter Lake,46.25,-89.5
PEERLESS LAKE - COMPOSITE - (AB07JB0175),56.66397,-114.68008
Paul Lake,46.25,-89.5
PARK LAKE - COMPOSITE - (AB05AD1404),49.80556,-112.92778
PAKOWKI LAKE - WEST OF BERM COMPOSITE - (AB05AF0490),49.375,-111.0625
PAKOWKI LAKE - COMPOSITE - (AB05AF0060),49.33333,-110.91667
PAKOWKI LAKE - CENTRAL ZONE COMPOSITE - (AB05AF0460),49.34583,-110.92778
PAINE LAKE - COMPOSITE - (AB05AD0870),49.10941,-113.64805
"Ottnaren, djupområde mellan Lill-ön - Vackervalludden",60.49344794,16.6237984
OTASAN LAKE (L23): RAMP BM9 - COMPOSITE - (AB07KF0200),57.7072,-112.3875
OSTER LAKE - COMPOSITE - (AB05EB5190),53.62664,-112.91225
"Osbysjön, Norra Osbysjön",56.37451417,13.99734575
"Orranäsasjön, profundal",56.84746633,15.70690438
ORLOFF LAKE - COMPOSITE - (AB07CB0820),55.38889,-113.4875
"Oppmannasjön, Arkelstorpsviken",56.16093198,14.27863205
Oppmannasjön,56.08323921,14.34580404
Ontario,43.31361,-79.75083
Oneida,43.2046,-75.9231
OIS LAKE (L17) - COMPOSITE - (AB07JB0130),57.18694,-113.57
Octopus,50.617297,-99.924008
OAKLEY LAKE - COMPOSITE - (AB07BE0640),54.78333,-112.74583
"Nysockensjön, Storön",59.7469484,12.4725308
NORTH WABASCA LAKE - COMPOSITE - (AB07JA0210),56.06386,-113.93742
NORTH TEA LAKE - COMPOSITE - (AB07BK0160),54.79722,-115.02528
NORTH LELAND LAKE - COMPOSITE - (AB07NB0010),59.95472,-111.00861
NORTH BUCK LAKE - COMPOSITE - (AB06AA0340),54.68417,-112.56583
Norrsjön,59.81023677,15.11909774
"NorraVänern, Lunnerviken",59.33266772,13.87408538
"NorraVänern, Ölmeviken",59.33531114,13.98983784
Norra Vallsjön,57.47262767,13.74586078
"Norra Vänern, Grumsfjorden, O Dragön",59.33026857,13.06060218
"Norra Vänern, Byviken",59.06554614,12.86738232
Känkästjärnen,62.60415,16.89798
Norra Örken,57.14845959,15.00396069
Klasbädarna NV,59.215719,13.198464
NONAME( MOHAWK) LAKE - COMPOSITE - (AB07BE0390),54.61666,-113.31666
NONAME (TONN) LAKE - COMPOSITE - (AB07BE0760),54.63333,-113.58333
NONAME (TEEN) LAKE - COMPOSITE - (AB07BE0660),54.48333,-113.71666
NONAME (S. BAPTISTE) LAKE - COMPOSITE - (AB07BE0780),54.68333,-113.6
NONAME (ONE) LAKE - COMPOSITE - (AB07BE0680),54.38333,-113.83333
NONAME (NORTH NARRAU) LAKE - COMPOSITE - (AB07BE0770),54.65,-113.63333
Noen,57.98297767,14.73234021
NIPISI LAKE - COMPOSITE - (AB07JA0030),55.79028,-114.95278
NINA LAKE (L93) - COMPOSITE - (AB07HD0030),57.42333,-117.29833
Klintsjön,57.13057,14.69652
Klosjön,57.4315,13.69803
Navarn,62.59475793,16.70550593
NARROW LAKE - COMPOSITE - (AB07BC0805),54.61375,-113.62263
NAMUR LAKE (L18): RAMP BM2 - COMPOSITE - (AB07DA1890),57.44439,-112.6211
NAMAKA LAKE - COMPOSITE - (AB05BM0780),50.93333,-113.21667
NAKAMUN LAKE - COMPOSITE - (AB07BB0300),53.88333,-114.2
Näfssjön,58.73706186,15.86561002
Knutsnabben,56.79301,13.40776
N. Yngern,59.16985646,17.40862238
N. Särnamannasjön,61.5879718,12.74278132
N. Barken,57.21263904,12.6281891
"N Dellen, D80",61.86064527,16.7730256
MYERS LAKE - COMPOSITE - (AB07NB0050),59.68722,-111.2675
MUSREAU LAKE - COMPOSITE - (AB07GB0050),54.54722,-118.61806
MURIEL LAKE - WHOLE LAKE COMPOSITE - (AB06AC0290),54.06667,-110.725
Mullsjön,58.3149553,14.2319008
Mossjön,57.63630527,15.69471408
Morskogen,60.47427192,11.21393821
MOOSE LAKE - WHOLE LAKE COMPOSITE - (AB06AC0350),54.24241,-110.91023
MOOSE LAKE - VEZEAU BAY COMPOSITE - (AB06AC0370),54.27667,-110.83472
MOOSE LAKE - PELICAN NARROWS COMPOSITE - (AB06AC0425),54.27322,-110.89927
MOOSE LAKE - MAIN BASIN COMPOSITE - (AB06AC0341),54.24241,-110.91023
MOOSE LAKE - ISLAND BAY COMPOSITE - (AB06AC0415),54.21866,-110.96805
MOOSE LAKE - FRANCHERE BAY COMPOSITE - (AB06AC0405),54.25949,-110.98914
MOORE (CRANE) LAKE - COMPOSITE - (AB06AC0550),54.52389,-110.49556
MOONSHINE LAKE - COMPOSITE - (AB07FD0230),55.88333,-119.21667
Moon,50.882608,-100.049833
MONS LAKE (NEAR SMOKY LAKE) - COMPOSITE - (AB05EC0320),54.18917,-112.36111
MONS LAKE - COMPOSITE - (AB07BE0720),54.58139,-113.22111
Monona,43.063,-89.361
MNPCA-86-0233-00-202,45.309353,-94.043325
MNPCA-86-0217-00-202,45.18913,-94.103937
MNPCA-86-0199-00-201,45.071969,-94.065991
MNPCA-86-0168-00-201,45.359674,-93.955547
MNPCA-86-0134-01-206,45.230825,-93.967499
MNPCA-86-0114-00-203,45.073459,-93.976858
MNPCA-82-0167-00-234,45.06874,-92.97387
MNPCA-82-0167-00-231,45.092427,-92.990096
MNPCA-82-0167-00-230,45.076975,-93.007389
MNPCA-82-0167-00-229,45.084571,-92.980915
MNPCA-82-0115-00-101,44.950731,-92.980623
MNPCA-80-0039-00-204,46.751199,-95.098599
MNPCA-80-0037-00-204,46.757807,-95.065833
MNPCA-73-0196-00-209,45.368981,-94.622011
MNPCA-73-0196-00-203,45.382602,-94.596334
MNPCA-70-0072-00-202,44.716586,-93.444191
MNPCA-70-0026-00-101,44.733181,-93.418267
MNPCA-70-0022-00-203,44.693141,-93.390749
MNPCA-62-0075-02-202,45.057984,-93.134077
MNPCA-62-0075-01-202,45.053165,-93.136507
MNPCA-62-0071-00-201,45.058726,-93.165151
MNPCA-62-0056-00-212,45.038849,-93.123541
MNPCA-62-0055-00-201,44.979902,-93.141066
MNPCA-62-0048-00-201,45.019102,-93.143614
MNPCA-62-0047-00-201,44.904774,-93.149277
MNPCA-62-0037-00-202,45.06008,-93.041272
MNPCA-62-0027-00-203,45.083883,-93.079984
MNPCA-62-0016-00-201,44.973319,-93.005172
MNPCA-62-0013-00-201,44.992753,-93.056277
MNPCA-62-0012-00-201,44.993866,-93.062522
MNPCA-62-0011-00-201,44.994819,-93.035629
MNPCA-62-0010-02-401,45.009981,-93.060864
MNPCA-62-0007-00-203,45.017113,-93.071596
MNPCA-62-0006-00-202,45.024597,-93.058019
MNPCA-62-0002-00-210,45.104191,-93.017525
MNPCA-62-0002-00-207,45.110124,-93.013643
MNPCA-62-0002-00-202,45.121145,-93.019224
MNPCA-61-0180-00-201,45.51255,-95.66722
MNPCA-61-0162-00-201,45.672022,-95.530509
MNPCA-61-0149-00-201,45.540998,-95.521705
MNPCA-61-0130-00-205,45.644394,-95.412793
MNPCA-61-0130-00-201,45.601369,-95.519264
MNPCA-61-0128-00-202,45.66312,-95.514183
MNPCA-61-0111-00-204,45.648868,-95.449527
MNPCA-61-0078-00-201,45.746432,-95.4018
MNPCA-61-0067-00-204,45.711388,-95.290668
MNPCA-61-0066-00-203,45.72711,-95.28586
MNPCA-61-0064-00-205,45.676082,-95.292897
MNPCA-61-0041-00-203,45.457898,-95.34674
MNPCA-56-0931-00-201,46.658739,-96.080796
MNPCA-56-0239-00-201,46.299331,-95.632523
MNPCA-56-0238-00-206,46.266715,-95.644735
MNPCA-56-0212-00-201,46.515984,-95.592113
MNPCA-56-0138-00-205,46.306787,-95.54355
MNPCA-56-0138-00-204,46.288925,-95.557492
MNPCA-56-0130-00-207,46.61105,-95.494825
MNPCA-56-0116-02-202,46.399521,-95.428907
MNPCA-29-0250-00-201,46.961796,-95.10995
MNPCA-29-0185-00-207,47.004541,-94.962041
MNPCA-27-0655-02-201,44.969116,-93.284317
MNPCA-27-0192-00-402,45.065204,-93.740444
MNPCA-27-0184-02-201,44.932445,-93.716318
MNPCA-27-0176-00-202,45.025285,-93.644808
MNPCA-27-0149-00-202,45.036302,-93.622235
MNPCA-27-0139-00-201,44.957529,-93.632423
MNPCA-27-0133-14-204,44.941472,-93.650477
MNPCA-27-0133-14-110,44.94432,-93.634511
MNPCA-27-0133-11-101,44.962991,-93.602806
MNPCA-27-0133-10-101,44.949544,-93.59301
MNPCA-27-0133-09-201,44.913781,-93.690395
MNPCA-27-0133-05-203,44.905818,-93.663955
MNPCA-27-0125-00-101,45.201422,-93.50527
MNPCA-27-0118-00-404,45.088084,-93.466817
MNPCA-27-0117-00-402,45.109891,-93.500675
MNPCA-27-0107-00-201,44.992515,-93.471377
MNPCA-27-0104-00-208,45.00517,-93.414786
MNPCA-27-0102-00-201,45.040093,-93.433101
MNPCA-27-0040-00-201,44.953884,-93.308976
MNPCA-27-0039-00-202,44.961482,-93.32013
MNPCA-27-0037-00-102,44.982525,-93.323122
MNPCA-27-0031-00-204,44.939891,-93.310436
MNPCA-27-0018-00-201,44.921119,-93.23622
MNPCA-27-0016-00-201,44.920625,-93.306019
MNPCA-27-0014-00-201,44.940854,-93.256166
MNPCA-21-0375-00-308,46.076427,-95.763576
MNPCA-21-0375-00-307,46.08618,-95.769834
MNPCA-21-0375-00-306,46.09973,-95.740754
MNPCA-21-0375-00-304,46.09824,-95.702071
MNPCA-21-0375-00-302,46.086564,-95.686496
MNPCA-21-0353-00-301,46.081642,-95.732163
MNPCA-21-0079-00-203,45.779723,-95.368536
MNPCA-21-0076-00-203,46.064344,-95.302914
MNPCA-21-0057-00-205,45.951345,-95.363139
MNPCA-21-0016-00-202,45.845449,-95.25164
MNPCA-03-0657-00-201,46.781932,-96.173226
Kolsnaren,59.05398,15.93237
"MjÃ¸sa, Kise",60.76450772,10.78860029
Kolsundet SO,59.35471,17.29511
"MjÃ¸sa, BrÃ¸ttum",61.007328,10.533112
MjÃ¸sa overvåking,60.685162,11.025324
Kroktjärn,59.89392,13.30449
MITSUE LAKE - COMPOSITE - (AB07BK0220),55.24889,-114.60667
MITCHELL LAKE - COMPOSITE - (AB05DB0120),52.21667,-115.00556
MIQUELON LAKE - COMPOSITE - (AB05EB1120),53.25111,-112.90389
MINNIE LAKE - COMPOSITE - (AB06AA0380),54.28741,-111.10275
MINK LAKE - COMPOSITE - (AB07JA0070),56.01722,-115.59944
MIDDLE CHAIN LAKE (NEAR PONOKA) - COMPOSITE - (AB05CD2170),52.58222,-113.43972
Mendota,43.099,-89.405
Kvicksundsbron,59.449859,16.314316
Megrundet N,58.8462307,12.81398025
MEDICINE LAKE - COMPOSITE - (AB05CC1515),52.73582,-114.73737
MCMULLEN LAKE - COMPOSITE - (AB07JA0090),55.84056,-114.0875
MCLEOD LAKE - WEST COMPOSITE - (AB07AE0410),54.2975,-115.6425
MCLEOD LAKE - EAST COMPOSITE - (AB07AE0440),54.29444,-115.65833
MCLELLAND LAKE (L34) - COMPOSITE - (AB07DA2290),57.48833,-111.31667
MAYATAN LAKE - WHOLE LAKE COMPOSITE - (AB05DE2311),53.48588,-114.2986
MAYATAN LAKE - WEST BASIN COMPOSITE - (AB05DE2305),53.48972,-114.31139
MAYATAN LAKE - EAST BASIN COMPOSITE - (AB05DE2320),53.48083,-114.29833
MAY LAKE - COMPOSITE - (AB06AC0700),54.725,-110.39444
MATCHAYAW LAKE - COMPOSITE - (AB05EA0450),53.71139,-114.09778
MARY GREGG LAKE - COMPOSITE - (AB07AF0430),53.11389,-117.455
MARTEN LAKE - COMPOSITE - (AB07BK0180),55.60472,-114.57806
MARIGOLD LAKE - COMPOSITE - (AB07AH0470),54.6725,-115.64861
Mariestadsviken M2,58.77118304,13.86883317
Mariestadsviken M1,58.71291241,13.70879061
Mariestadsviken  M2,58.77118304,13.86883317
Mariestadsviken  M1,58.71291241,13.70879061
MARIE LAKE - COMPOSITE - (AB06AC0670),54.60694,-110.29
MARGARET LAKE - COMPOSITE - (AB07JF0080),58.94583,-115.34583
MAQUA LAKE - COMPOSITE - (AB07CE0130),56.43333,-111.1
MANAWAN LAKE - COMPOSITE - (AB05EA1290),53.90611,-113.69417
MANATOKAN LAKE - COMPOSITE - (AB06AC0440),54.46667,-110.45139
Majsjön,57.28198441,13.35747467
L. Ullevifjärden N,59.622445,17.514261
"Möckeln, djuphålan",56.93842462,15.42295541
Mäsen,57.23886057,12.54076822
MACHESIS LAKE (NEAR LA CRETE) - COMPOSITE - (AB07JF0330),58.32444,-116.58417
L. Ullevifjärden S,59.596143,17.523144
Längesjön,57.03759,13.00628
LYLICH LAKE - COMPOSITE - (AB07JA0050),55.73111,-114.58056
LUSCAR LAKE - COMPOSITE - (AB07AF1505),53.05898,-117.41286
Länghalsen Spikön,58.86717,16.84701
LOWER MANN LAKE - COMPOSITE - (AB06AA0170),54.17472,-111.51944
LOWER KANANASKIS LAKE - COMPOSITE - (AB05BF0180),50.65,-115.13333
LOWER CHAIN LAKE - COMPOSITE - (AB07BE0490),54.96666,-113.50833
LOWER CHAIN (MAGEE) LAKE NEAR PONOKA - COMPOSITE - (AB05CD2190),52.56194,-113.39444
Lough Feeagh,53.935031,-9.577735
"Lonnen, djuphålan",59.38278,14.462645
LONG LAKE (NEAR PIGEON LAKE) - COMPOSITE - (AB05FA0440),53.05639,-113.85222
LONG LAKE (NEAR NARROW LAKE) - COMPOSITE - (AB07BC0975),54.58222,-113.64889
LONG LAKE (NEAR BOYLE) - COMPOSITE - (AB05EC0340),54.43112,-112.7555
LONG ISLAND LAKE - WHOLE LAKE COMPOSITE - (AB07BC0170),54.46525,-113.79965
LONG ISLAND LAKE - SOUTH BASIN COMPOSITE - (AB07BC0150),54.43655,-113.7686
LONG ISLAND LAKE - NORTH BASIN COMPOSITE - (AB07BC0130),54.46525,-113.79965
LONG ISLAND LAKE - COMPOSITE - (AB07BE0670),54.45,-113.78333
Länghalsen Torpfjärden,58.83,16.92277
LOFTY LAKE - COMPOSITE - (AB07BE0540),54.725,-112.46666
LODGE LAKE - COMPOSITE - (AB07BE0530),54.71666,-112.43333
Loch_leven,56.2,-3.38
LITTLE FISH LAKE - COMPOSITE - (AB05CG0030),51.36667,-112.23333
LITTLE BEAVERDAM LAKE - COMPOSITE - (AB05AD0850),49.08333,-113.65
LITTLE BEAVER LAKE - COMPOSITE - (AB05FC1070),52.7733,-112.98188
LINGRELL LAKE (L103) - COMPOSITE - (AB07GC0060),54.7275,-119.82889
"Länghalsen, Spikön",58.83056,16.92055
Limmingsjön,59.58671582,14.52333968
Limmaren,59.73614576,18.72980865
Lillsjön,62.76018211,15.22937513
Lill-Jangen,59.99033475,13.35512942
Lillesjö,56.20619053,14.53999318
Lambarfjärden,59.35866,17.79532
Lilla Turingen,59.226052,17.435329
Lilla Nätaren,57.77019094,14.59531684
Lien,59.81126771,15.52091523
Liasjön,56.4464,13.9928
Levrasjön,56.10408932,14.49063047
LESSER SLAVE LAKE - WEST BASIN COMPOSITE - (AB07BG0030),55.5325,-115.89028
LESSER SLAVE LAKE - EAST BASIN COMPOSITE - (AB07BJ0040),55.44444,-115.01972
LESSARD LAKE - COMPOSITE - (AB07BB0985),53.78556,-114.65361
Lersjön,59.73194321,14.14372672
LEPINE LAKE - COMPOSITE - (SA06AF0270),54.47778,-109.60694
LEGEND LAKE (L25): RAMP BM1 - COMPOSITE - (AB07JE0080),57.41219,-112.9336
LEE LAKE - COMPOSITE - (AB05AA1071),49.5433,-114.253
LEDDY LAKE - COMPOSITE - (AB07FD0190),56.39944,-117.46028
LAURIER LAKE - COMPOSITE - (AB05ED1260),53.85889,-110.50917
Lillasjön,56.95971,15.39757
LAKE NEWELL - GREENWALD BAY COMPOSITE - (AB05BN0290),50.4925,-111.92306
LAKE NEWELL - COMPOSITE - (AB05BN0270),50.43333,-111.91667
LAKE MCGREGOR - COMPOSITE - (AB05AC0480),50.54294,-112.89628
LAKE ATHABASCA - OFF DELTA COMPOSITE - (AB07MA0040),58.68333,-110.88694
LAKE ATHABASCA - COMPOSITE - MAIN AREA OF LAKE IN ALBERTA - (AB07MD0050),59.05,-110.21667
LAKE A LAKE - COMPOSITE - (AB07BE0790),54.8,-113.51667
Lagmanshagasjön,57.52749163,13.61704119
Lill-Roten,62.63111,17.53577
"Lönern (pelagialt, djupaste punkten)",57.91667661,13.6124763
Långsjön,60.59758,16.27598
Lången,59.35004033,15.1793929
Lärkesholmssjön,56.28001822,13.38989468
LACOMBE LAKE - COMPOSITE - (AB05FA2096),52.43278,-113.7975
Lacawac,41.381458,-75.291904
LAC STE. ANNE - WHOLE LAKE COMPOSITE - (AB05EA0595),53.70972,-114.4
LAC STE. ANNE - WEST SIDE COMPOSITE - (AB05EA0580),53.71667,-114.5
LAC STE. ANNE - EAST SIDE COMPOSITE - (AB05EA0570),53.70833,-114.4
LAC SANTE - WHOLE LAKE COMPOSITE - (AB05ED0365),53.83694,-111.57861
LAC SANTE - SOUTHWEST BASIN COMPOSITE - (AB05ED0375),53.83694,-111.57861
LAC SANTE - NORTHEAST BASIN COMPOSITE - (AB05ED0395),53.86694,-111.52528
LAC SAINT CYR - WHOLE LAKE COMPOSITE - (AB05ED0260),53.905,-111.19
LAC SAINT CYR - NORTH BASIN COMPOSITE - (AB05ED0255),53.905,-111.19
LAC SAINT CYR - EAST AND WEST BASIN COMPOSITE - (AB05ED0245),53.8925,-111.19611
LAC LA NONNE - WHOLE LAKE COMPOSITE - (AB07BB0960),53.94278,-114.31444
LAC LA BICHE - WEST BASIN COMPOSITE - (AB07CA0110),54.87972,-112.22389
LAC LA BICHE - EAST BASIN COMPOSITE - (AB07CA0200),54.66667,-112.03333
LAC LA BICHE - COMPOSITE - (AB07CA0210),54.87972,-112.22389
LAC DES ILES - COMPOSITE - (SA06AF0380),54.43278,-109.44417
Lindöviken V,60.021541,Â 23.194146
Logsjön  mitt,59.12062,14.83471
Lurön NO,58.792448,13.255037
"Mälaren, Erikssund",59.637542,17.620137
Möckeln,59.2519,14.46515
Magsjön,59.72334,16.21141
L. GRAY LAKE - COMPOSITE - (AB07BD0140),54.84167,-113.95917
Kyrksjön,59.1008503,16.97964919
Kyrkebysjön Grums kommun,59.26956547,13.10061812
Mellanfjärden,58.738498,17.071582
MjÃ¸sa,60.675236,11.050631
Krankesjön,55.70874401,13.47275934
Krageholmssjön,55.49630941,13.76198567
"MjÃ¸sa, Furnesfjorden",60.822522,10.972887
Kolstrandsviken Kristinehamn kommun,59.06616057,14.14028502
"MjÃ¸sa, Skreia",60.661621,10.973488
Nässjön,Â 57.63630,15.69471
Nedre Milsbosjön,60.43587,15.62459
Nedre Svartsjön,57.44824,15.55037
Nordmyrasjön,60.16311,16.86772
KLAMATHTRIBES_WQX-KL0011,42.560556,-121.947444
KLAMATHTRIBES_WQX-KL0010,42.523583,-121.984278
KLAMATHTRIBES_WQX-KL0009,42.435722,-122.028194
KLAMATHTRIBES_WQX-KL0008,42.441361,-121.998833
KLAMATHTRIBES_WQX-KL0007,42.40725,-121.963083
KLAMATHTRIBES_WQX-KL0006,42.422083,-121.943278
KLAMATHTRIBES_WQX-KL0005,42.369083,-121.848694
KLAMATHTRIBES_WQX-KL0004,42.32689,-121.919922
KLAMATHTRIBES_WQX-KL0003,42.308389,-121.856222
KLAMATHTRIBES_WQX-KL0002,42.241722,-121.822306
Kisasjön,58.00932268,15.65042167
KINOSIU LAKE - COMPOSITE - (AB06AA1180),54.73361,-112.32278
Kingsmere,54.086763,-106.448914
KIMIWAN LAKE - COMPOSITE - (AB07HA0396),55.72056,-116.90778
"Kilsviken, syd",59.0672961,14.08966478
KIEVERS LAKE - COMPOSITE - (AB05CE0740),51.68889,-113.55833
KEHIWIN LAKE - COMPOSITE - (AB06AC0301),54.0654,-110.90019
KEARL LAKE (L35): RAMP NE11 - COMPOSITE - (AB07DA2210),57.2917,-111.23329
"Kattfjorden, väster",59.33353428,13.33636002
"Kattfjorden, söder",59.31248024,13.41166332
"Kattfjorden, öster",59.32562273,13.4177673
Kasumigaura,36.041346,140.402513
kasumigaura,36.051455,140.378388
KAMASKIKOWIK LAKE - COMPOSITE - (AB07JB0030),56.15778,-113.52806
KAKUT LAKE - COMPOSITE - (AB07GH0170),55.62972,-118.52889
"Kårebolsjön, djuphålan",60.403634,13.410137
Kållen,57.16651,15.39448
Kärrafjärden,58.849812,14.983168
Källsjön,61.63359305,16.73575758
Norra Baksjön,59.76758,12.88323
Jungfrun NV,58.50080305,14.67835647
JUMPING DEER LAKE - COMPOSITE - (AB07BE0650),54.71666,-112.43333
JOSEPH LAKE (NEAR NEW SAREPTA) - COMPOSITE - (AB05EB1330),53.27917,-113.07917
JOSEPH LAKE (NEAR COLINTON) - COMPOSITE - (AB07BE0380),54.58139,-113.22111
JOHNSON LAKE (L38) - COMPOSITE - (AB07DD0410),57.65639,-110.39472
JESSIE LAKE - COMPOSITE - (AB06AC0770),54.25944,-110.74472
JENNETTS STREAM AT JENNETTS RES SURFACE,51.00048833,-4.21952722
JENKINS LAKE - COMPOSITE - (AB07BE0410),54.93333,-113.6
JEAN LAKE (L26) - COMPOSITE - (AB07JE0060),57.4925,-113.77333
JARVIS LAKE - COMPOSITE - (AB07AC0100),53.48333,-117.8
Jällunden,57.04161568,13.49048468
JACKPINE LAKE (L91) - COMPOSITE - (AB07HB0090),56.91222,-116.56583
JACKFISH LAKE (NEAR CARVEL) - COMPOSITE - (AB05DE0670),53.47917,-114.25556
JACKFISH LAKE - COMPOSITE - (AB07BE0630),54.81666,-113.1
"Ivösjön, öster om Bäckaskog",56.09244039,14.372128
Ivösjön,56.10801129,14.4382564
ISLET LAKE - COMPOSITE - (AB05EB1240),53.45639,-112.82583
ISLE LAKE - COMPOSITE - (AB05EA0460),53.63333,-114.73333
ISLAND LAKE NORTH (CROWSNEST PASS) - COMPOSITE - (AB05AA0025),49.63011,-114.68514
ISLAND LAKE - COMPOSITE - (AB07BE0860),54.83333,-113.51667
ISLAND LAKE - COMPOSITE - (AB05EC1095),54.33556,-112.42833
IOSEGUN LAKE - COMPOSITE - (AB07GG0030),54.46667,-116.83333
Immeln,56.2680527,14.33489557
HUTCH LAKE - COMPOSITE - (AB07OB0050),58.76111,-117.33719
Rädsjön,60.81977,14.31843
Huron,43.08972,-82.39167
Humsjön,58.62120953,14.47581999
Roxen S,58.458,15.62016
HUBBLES LAKE - COMPOSITE - (AB05EA0640),53.56611,-114.08917
HOTTE LAKE - COMPOSITE - (AB07OB0090),58.95722,-116.12472
Horsfjärden,58.14898811,15.91047887
Horsan,57.86882,18.8409
HOPE LAKE - COMPOSITE - (AB07BE0550),54.65,-112.66666
Holmeshultasjön,57.22228,14.81596
Södra Marktjärnen,60.30601,13.32877
Hjärtsjön,57.0514944,15.25734292
Hinnasjön,56.8781,14.92857
Hindsen,57.21259983,14.13198937
HILDA LAKE - COMPOSITE - (AB06AC0580),54.52972,-110.42139
Hestrasjön,57.95835744,15.08629385
Södra Välsjön,60.51286,13.88226
"Salen, längst norrut",56.89245,14.55821
Havgårdssjön,55.48797,13.35687
HAUNTED LAKE (NEAR ALIX) - COMPOSITE - (AB05CD1660),52.40444,-113.15917
HATCHET POND,50.81246051,-1.47854955
HASTINGS LAKE - COMPOSITE - (AB05EB1220),53.425,-112.9
"Hasselasjön, profundal",62.06943913,16.81408834
HASSE LAKE - COMPOSITE - (AB05DE0790),53.49083,-114.16722
HARWOOD LAKE (L67) - COMPOSITE - (AB07DD0610),58.06528,-110.37361
HARDISTY LAKE - COMPOSITE - (AB05FB0090),52.6675,-111.32278
Harasjön,57.00738,13.57921
HANNINGFIELD RESERVOIR,51.66625591,0.50514633
HANMORE LAKE - COMPOSITE - (AB05EC0797),54.3,-112.53306
Hamnarydssjön,57.68623,14.84592
"Hammarsjön, mellan udden och Kvinneholmen",55.982308,14.215064
Hammarösjön Hammarö/Karlstad kommun,59.37081803,13.61341237
hamilton harbour,43.29722,-79.79917
HALF MOON LAKE - COMPOSITE - (AB05EB1040),53.46083,-113.0908
Halen,56.26862071,14.505972
HAIG LAKE - COMPOSITE - (AB07HB0060),56.89444,-116.10806
Selasjön,62.81988,17.61806
Haggen,60.09609469,15.22692671
Hagasjön,56.49937484,14.44871883
Hökesjön,57.63952164,15.7582096
Hären,57.31111967,13.70146018
Hällsjön,60.06281912,15.17346373
Häckebergasjön,55.58212,13.42675
Skifsen,60.0761535,14.41235405
Slöingen Kl O,,
Gyslättasjön,57.10804,14.44848
Stäketbron,57.90522,16.415305
GULL LAKE - COMPOSITE - (AB05CC0600),52.53333,-113.98333
GRIST LAKE - COMPOSITE - (AB07CE0200),55.37972,-110.47417
Grissjön,58.76301461,15.14514833
GREGOIRE LAKE - COMPOSITE - (AB07CE0120),56.44444,-111.09722
GREGG LAKE - COMPOSITE - (AB07AC0020),53.53333,-117.8
Green_valley,40.055807,-105.617178
GRASSHOLME RES - OUTFLOW NORTH (WFD),54.60116365,-2.08518684
Grasmere,54.449043,-3.019983
Gransjön,60.32038654,14.00366397
Granfj. Djurgårds Udde,59.49445322,16.81083327
GRAND CACHE LAKE - COMPOSITE - (AB07GA0030),53.9,-119.05
GRAFHAM WATER RESERVOIR,52.28977446,-0.28556613
Stöpsjön,58.96403,17.22766
Gosjön,61.0861748,16.9426611
GOOSEBERRY LAKE - WEST BASIN COMPOSITE - (AB05GA0200),52.1125,-110.75833
GOOSEBERRY LAKE - EAST BASIN COMPOSITE - (AB05GA0180),52.11944,-110.73333
GOOSE LAKE - COMPOSITE - (AB07AH0490),54.3175,-115.11417
GOODWIN LAKE - COMPOSITE - (AB07CA0060),55.41972,-111.65583
GOODRIDGE LAKE - COMPOSITE - (AB07BC0090),54.43139,-114.24806
GOODFISH LAKE - COMPOSITE - (AB06AA0322),54.28236,-111.81985
GOD'S LAKE - COMPOSITE - (AB07JB0150),56.8175,-114.28694
GOD'S (ARMSTRONG) LAKE - COMPOSITE - (AB07BE0470),54.38333,-113.63333
Glimmingen,58,15.57004849
Glan,58.20011,15.9591
"Glafsfjorden, Sulviken",59.66981898,12.43017169
"Glafsfjorden, Kyrkviken",59.63709724,12.575395
"Glafsfjorden, Centrala",59.54839662,12.67244116
Gipsjön,60.64504741,13.62646108
Giles,41.376118,-75.092733
GHOST LAKE - COMPOSITE - (AB07BE0420),54.88333,-113.6
Stockholm D,59.3033,18.07666
GERRY LAKE - COMPOSITE - (AB07FD0270),56.30056,-118.26972
Georgian_bay,45.52778,-81.67
GEORGE LAKE - COMPOSITE - (AB07FD1410),56.22306,-118.55056
Garnsviken,59.51412053,18.26232322
GARNIER LAKE (NORTH) - COMPOSITE - (AB06AC1190),54.02072,-110.58181
GARNIER LAKE (BLUET) - COMPOSITE - (AB06AC1240),53.98694,-110.56306
GARNER LAKE - COMPOSITE - (AB06AA0290),54.20278,-111.725
GARDINER LAKE NORTH (L20) - COMPOSITE - (AB07DA2030),57.54,-112.49417
GAMMATON RESERVOIR (SURFACE),51.00696707,-4.16325903
Galten,59.45339,16.1513
Görväln S,59.41945395,17.73998218
Stora Gryten,58.87727,16.08065
Fysingen,59.57066943,17.90810846
Furnesfjorden,60.81853171,10.98020057
Storhjälmaren Centr.,59.21507994,15.73511813
Stor-Laxsjön,62.7543,17.20728
FROG LAKE - COMPOSITE - (AB05ED0161),53.89222,-110.34167
"FRENSHAM GREAT POND, BEACH (11945)",51.15730923,-0.79180373
FREEMAN LAKE - COMPOSITE - (AB07AH0510),54.695,-115.53056
FRANK LAKE - COMPOSITE - (AB05AC0360),50.56889,-113.70722
FRANK LAKE - BASIN 2 (SOUTH) COMPOSITE - (AB05AC1115),50.55,-113.70833
FRANK LAKE - BASIN 1 (NORTH) COMPOSITE - (AB05AC1110),50.56889,-113.70722
FRANCIS LAKE - COMPOSITE - (AB07BE0710),54.7,-113.78333
Framsjön,60.15849479,13.74916093
FORTY MILE COULEE - COMPOSITE - (AB05AH0080),49.55,-111.2
FORK LAKE - COMPOSITE - (AB06AA1050),54.48917,-111.58556
FOLEY LAKE - COMPOSITE - (AB07BD0120),54.62639,-114.79111
FLYINGSHOT LAKE - COMPOSITE - (AB07GE1060),55.14152,-118.86244
FLORENCE LAKE - COMPOSITE - (AB07MD0090),59.28778,-110.39417
FLOATINGSTONE LAKE - COMPOSITE - (AB06AA0310),54.23444,-111.63639
FLETCHER LAKE (L109): RAMP S2 - COMPOSITE - (AB07NA0120),59.11806,-110.81972
FLEMING LAKE (E52): RAMP CM1 - COMPOSITE - (AB07JF0020),58.7664,-115.43333
Flaten,57.35228112,13.91212556
Flåren,57.02980198,14.09657092
Fjärasjö,57.60909,15.2493
Fjällfotasjön,55.52145464,13.30188816
Fjällen,56.94889235,13.45141315
FISHING LAKE - COMPOSITE - (AB05ED1510),53.91806,-110.18778
Fish,43.287,-89.652
Fiolen,57.09199267,14.52958202
"Finjasjön, djupaste del",56.14908013,13.68834621
FIGURE EIGHT LAKE - COMPOSITE - (AB07HA0300),56.30083,-117.9025
FIELD LAKE - WHOLE LAKE COMPOSITE - (AB06AA0220),54.71667,-111.96667
FIELD LAKE - SITE #3 - SOUTH END VERTICAL COMPOSITE AT ONE SITE - (AB06AA0210),54.71944,-111.975
FIELD LAKE - SITE #2 - CENTRE VERTICAL COMPOSITE AT ONE SITE - (AB06AA0200),54.72917,-111.98889
FIELD LAKE - SITE #1 - NORTH END VERTICAL COMPOSITE AT ONE SITE - (AB06AA0190),54.73306,-112
FICKLE LAKE - COMPOSITE - (AB07AF0440),53.45056,-116.77889
"Fegen V (pelagialt, djupaste punkten)",57.23143286,13.14234144
FAWCETT LAKE - COMPOSITE - (AB07BK0280),55.30861,-114.02389
Stor-Myckelsjön,62.58585,17.22659
FAIRFAX LAKE - COMPOSITE - (AB07BA0180),52.97028,-116.575
Fagertärn,58.7615,14.70086
Stor-Sundsjön,62.98022,15.143521
Försjön,57.67621,15.1
Fåglasjön,59.70767,18.63578
Strängnäsbron,59.384007,17.018556
Strutsholms Kl O,,
ETHEL LAKE (SWAN HILLS) - COMPOSITE - (AB07BK0140),54.78,-115.05417
ETHEL LAKE (NEAR COLD LAKE) - COMPOSITE - (AB06AC0620),54.52972,-110.35444
Esthwaite,54.362352,-2.986212
"Täkern, Glänäs",58.33776,14.81498
Erie_MERIS,42.2,-81.2
Erie_GLENDA,42.2,-81.2
Erie_cruise,42.79139,-79.20778
EMERSON LAKE - COMPOSITE - (AB07AD0590),53.72361,-117.12278
Ellestadssjön,55.530175,13.732135
ELKWATER LAKE - COMPOSITE - (AB05AH0060),49.66797,-110.28949
ELINOR LAKE - COMPOSITE - (AB06AA1220),54.67917,-111.65833
ELBOW LAKE - COMPOSITE - (AB05BJ0460),50.63611,-115.01667
Ekoln Vreta Udd,59.75805,17.59437
Tronntjärnarna,62.98036,13.03315
Ekholmssjön,59.86577269,17.04487088
Edeskvarnaån NV,57.90746451,14.22919088
EDEN LAKE - COMPOSITE - (AB05EA0310),53.57778,-114.15833
Edasjön,59.80563,17.90399
Eckern,57.289234,16.355727
EAST OSLAND  L99 - COMPOSITE - (AB07OC0050),57.26583,-119.46917
East Long Lake,46.24,-89.5
EAGLENEST LAKE (L24) - COMPOSITE - (AB07KF0270),57.78333,-112.13333
EAGLE LAKE - COMPOSITE - (AB05BM0760),51,-113.31667
Uggenäsdypen,60.6803,12.64786
DUGGAN'S LAKE - COMPOSITE - (AB07BE0580),54.21666,-113.45
DUCK LAKE - COMPOSITE - (AB07BE0690),54.65,-113.93333
DRIEDMEAT LAKE - SITE 2 COMPOSITE - (AB05FA0550),52.89167,-112.7875
DRIEDMEAT LAKE - COMPOSITE - (AB05FA0596),52.87161,-112.75619
DONALDSON LAKE (L85) - COMPOSITE - (AB07HE0030),57.68472,-116.2325
DOLLY LAKE - COMPOSITE - (AB06AF0040),54.58083,-110.23056
Djupa Holmsjön,59.17915661,17.02300595
DILLBERRY LAKE - COMPOSITE - (AB05GA0160),52.575,-110.00417
Derwentwater,54.575284,-3.146121
DECHAINE LAKE - WHOLE LAKE COMPOSITE - (AB05EA1850),53.84389,-114.10306
DEADWOOD LAKE - COMPOSITE - (AB07HC0130),56.71472,-117.59111
Dagstorpssjön,55.99257125,13.48421237
Dagskärsgrund N,58.76622713,13.51714319
"Daglösen, Norra delen",59.69383911,14.18373049
"Daglösen, djuphåla",59.65820737,14.20354887
Dagarn,59.89697257,15.68668773
CUTBANK LAKE - COMPOSITE - (AB07GE0280),55.26361,-119.12444
Crystal bog,46.008,-89.606
Crystal,46.003,-89.612
CROWSNEST LAKE - COMPOSITE - (AB05AA1061),49.62886,-114.64958
CROW INDIAN LAKE - COMPOSITE - (AB05AF0100),49.36667,-111.8
CRIMSON LAKE - COMPOSITE - (AB05DC0130),52.46111,-115.04444
CRANBERRY LAKE - COMPOSITE - (AB07JA0010),56.23639,-115.06361
COW LAKE - COMPOSITE - (AB05DC0090),52.25833,-115.01111
COW GREEN RESERVOIR,54.65588734,-2.29059641
CORN LAKE - COMPOSITE - (AB07JB0070),56.64194,-113.97361
COOKING LAKE - COMPOSITE - (AB05EB1150),53.41944,-113.05833
Constance untersee/Rhein river,47.651781,8.894522
COLIN LAKE - COMPOSITE - (AB07MD0150),59.5975,-110.12194
COLD LAKE - WEST SIDE EUPHOTIC COMP - (AB06AF0120),54.53222,-110.12361
COLD LAKE - MAIN BASIN COMPOSITE - (AB06AF0155),54.5661,-110.00786
COLD LAKE - ENGLISH BAY COMPOSITE - (AB06AF0170),54.54722,-110.21889
COEOMAHA_WQX-BBDLK0987A,44.03932025,-99.44897462
COAL LAKE - COMPOSITE - (AB05FA0400),53.05556,-113.25278
CLEAR LAKE (BARNS LAKE) - COMPOSITE - (AB05FD0050),52.76667,-110.60667
CLEAR LAKE - COMPOSITE - (AB07KF0250),57.73194,-112.12083
CLEAR LAKE - COMPOSITE - (AB05AC0380),50.15,-113.41667
Clear Lake,50.678742,-100.007413
CLAYTON LAKE (L29): RAMP BM7 - COMPOSITE - (AB07KE0040),58.0572,-112.2761
CLAIRMONT LAKE - COMPOSITE - (AB07GE1040),55.26194,-118.76278
CLADONIA LAKE - COMPOSITE - (AB07PC0050),59.33111,-115.03778
CHRISTINA LAKE - COMPOSITE - (AB07CE0250),55.62667,-110.82222
CHISHOLM LAKE - AT CHISHOLM MILLS - COMPOSITE - (AB07BD0160),54.91444,-114.28
CHIPEWYAN LAKE - COMPOSITE - (AB07JB0420),56.953,-113.46
CHIP LAKE - WHOLE LAKE COMPOSITE - (AB07BB0970),53.65167,-115.385
CHINOOK LAKE - COMPOSITE - (AB05AA1055),49.67236,-114.60342
CHICKENHILL LAKE - COMPOSITE - (AB06AC0490),54.1,-111.1
CHICKAKOO LAKE (NW STONY PLAIN) - COMPOSITE - (AB05EA0220),53.6175,-114.07194
CHEW RESERVOIR,53.5128324,-1.9474974
CHESTERMERE LAKE - COMPOSITE - (AB05BM0840),51.03333,-113.81667
CEDEN-KL0011,42.5604,-121.949
CEDEN-KL0010,42.5234,-121.985
CEDEN-KL0009,42.4356,-122.029
CEDEN-KL0008,42.4412,-122
CEDEN-KL0007,42.4071,-121.964
CEDEN-KL0006,42.4219,-121.944
CEDEN-KL0005,42.3689,-121.85
CEDEN-KL0004,42.3262,-121.921
CEDEN-KL0003,42.3082,-121.857
CEDEN-KL0002,42.2416,-121.823
CARROT LAKE - COMPOSITE - (AB07JB0110),56.97611,-113.3975
CARIBOU LAKE - COMPOSITE - (AB07JF0040),59.05278,-116.07861
CARDINAL LAKE - COMPOSITE - (AB07FD0210),56.23639,-117.7375
CAPT EYRE LAKE - COMPOSITE - (AB05GA0140),52.3,-110.71417
CANOPENER LAKE (L63) - COMPOSITE - (AB07DA1960),57.55417,-112.32917
CANOE LAKE - COMPOSITE - (AB07BE0400),54.62916,-113.13333
CALLING LAKE - COMPOSITE - (AB07CB0780),55.25,-113.33333
CADOTTE LAKE - COMPOSITE - (AB07HB0020),56.44278,-116.38944
CACHE LAKE - COMPOSITE - (AB05ED0320),54.08611,-111.78778
Byviken inre,59.08413076,12.90005032
Bysjön,60.38738375,16.83230558
BUSHY HEAD LAKE - COMPOSITE - (AB05FE0140),52.85,-110.9
BURNTSTICK LAKE - COMPOSITE - (AB05CA0100),51.98917,-114.88417
BUOY LAKE (L62) - COMPOSITE - (AB07DA1940),57.55639,-112.3625
Bunn,57.98084,14.51215
BUFFALO LAKE (NEAR BOYLE) - COMPOSITE - (AB06AA0690),54.52333,-112.47583
BUFFALO LAKE (NEAR BASHAW) - SECONDARY BAY COMPOSITE - (AB05CD0860),52.45,-112.95
BUFFALO LAKE (NEAR BASHAW) - MAIN BASIN COMPOSITE - (AB05CD1040),52.48333,-112.86667
BUFFALO LAKE (NEAR BASHAW) - BASHAW BAY COMPOSITE - (AB05CD1610),52.54167,-113.00833
BUFFALO LAKE (NEAR BASHAW) - 80% MAIN BAY AND 20% SECONDARY BAY COMPOSITE - (AB05CD0850),52.48333,-112.86667
BUCK LAKE - COMPOSITE - (AB05DE0560),52.98333,-114.76667
Brunnsjön,60.27183298,15.96991697
V. Hultasjön,57.11543,14.71101
"Bredreven, djuphåla",59.937864,14.256492
BrÃ¸ttum,60.99095785,10.57465386
BRADGATE BROOK - CROPSTON RESERVOIR,52.69215044,-1.19226481
BOURQUE LAKE - COMPOSITE - (AB06AC0760),54.67083,-110.54722
BOUNDARY LAKE - COMPOSITE - (AB07FD0160),56.33639,-119.99083
Botungen,59.34842474,12.72309025
BORDEN LAKE - COMPOSITE - (AB05ED1280),53.86083,-110.56972
BOONE LAKE - COMPOSITE - (AB07GJ0300),55.57444,-119.42222
BONNIE LAKE - COMPOSITE - (AB05ED0200),54.15,-111.875
BOMERE POOL JETTY,52.66598262,-2.7386956
"Bolmen, södra",56.829229,13.653042
"Bolmen, norra",57.043507,13.736813
BOCQUENE LAKE - COMPOSITE - (AB07NA0140),59.48417,-111.11806
BOAG LAKE - COMPOSITE - (AB05EB1080),53.525,-113.23056
Bleklången,58.7763,15.7146
Värmlandssjön Centr.,58.84946865,13.86054521
BLACKMUD LAKE - COMPOSITE - (AB07AF1180),53.55861,-116.81056
BLACKFALDS LAKE - COMPOSITE - (AB05CC2140),52.38833,-113.72139
Blacken,59.47360756,16.54434132
Björkesåkrasjön,55.52861,13.4036
Björken,59.925489,14.954547
Väster-Lövsjön,62.471006,16.963947
BITTERN LAKE - COMPOSITE - (AB05FA0815),53.0375,-113.05547
BISON LAKE (L87) - COMPOSITE - (AB07HE0070),57.19833,-116.1675
BIRCH LAKE - COMPOSITE - (AB07CE0280),56.38444,-110.42139
BIRCH LAKE - COMPOSITE - (AB05EA0280),53.75,-114.53333
BIRCH LAKE - COMPOSITE - (AB05CA0120),52.00139,-114.82333
Big Muskellunge,46.021,-89.612
BIG LAKE (NEAR ST ALBERT) - WEST COMPOSITE - (AB05EA1570),53.59778,-113.74167
BIG LAKE (NEAR ST ALBERT) - EAST COMPOSITE - (AB05EA1550),53.61667,-113.67056
BIG LAKE - EAST/WEST BASIN COMPOSITE - (AB05EA1555),53.6,-113.70556
BIG ISLAND LAKE - COMPOSITE - (AB05EB1000),53.49444,-113.20278
BENNETT LAKE - COMPOSITE - (AB05EB0960),53.5375,-112.99167
BELLEVUE LAKE - COMPOSITE - (AB05ED1570),53.80694,-111.3325
Belhalm_tarn,54.396113,-2.977411
BEAVERDAM LAKE - COMPOSITE - (AB05AD0890),49.08333,-113.6
BEAVER MINES LAKE - COMPOSITE - (AB05AA1370),49.37225,-114.29611
BEAVER LAKE - COMPOSITE - (AB06AA0230),54.725,-111.83333
BEAUVAIS LAKE - COMPOSITE - (AB05AA0490),49.41389,-114.10833
BEARTRAP LAKE - COMPOSITE - (AB06AC1255),54.205,-110.53806
BEAR LAKE - COMPOSITE - (AB07GE0260),55.24694,-118.96056
BAYARD LAKE (L46): RAMP BM8 - COMPOSITE - (AB07KF0100),57.7725,-112.39639
BATTLE LAKE - COMPOSITE - (AB05FA0460),52.96667,-114.18333
Bassenthwaite,54.653133,-3.25
BASE LAKE - COMPOSITE - (AB07CE0180),55.64972,-111.845
BARROW LAKE - COMPOSITE - (AB07NA0100),59.26167,-111.20111
BARRIER LAKE - COMPOSITE - (AB05BF0200),51.01667,-115.06667
BAPTISTE LAKE - SOUTH BASIN COMPOSITE - (AB07BE0820),54.75,-113.55
BAPTISTE LAKE - NORTH BASIN COMPOSITE - (AB07BE0830),54.78333,-113.55
BAPTISTE LAKE - COMPOSITE - (AB07BE0810),54.58139,-113.55444
BANANA LAKE - COMPOSITE - (AB07BE0700),54.725,-113.83333
Bösjön,61.32390326,14.29234718
Börringesjön,55.4858829,13.31996973
"Bönnern, centrala delen",58.71774449,15.71888709
Båtsjön,58.16354954,16.15430733
Bästeträsk,57.91565201,18.93601432
Bäen,56.24601,14.37752
"Vättern, Jönköping",57.792947,14.167992
AVERN,58.89321999,15.55748268
AUGER LAKE - COMPOSITE - (AB07BE0510),54.72083,-112.49722
AUDET LAKE (L37) - COMPOSITE - (AB07DC0150),57.6475,-110.91167
AUDENSHAW RESERVOIR NUMBER 2,53.46003236,-2.13439451
ASTOTIN LAKE - COMPOSITE - (AB05EB5165),53.67747,-112.84167
Asplången,58.794665,14.751657
Arnöfjorden Karlstad kommun,59.36828324,13.76135409
Valloxen,59.71883,17.8157
ARM LAKE - COMPOSITE - (AB05FD0380),52.74783,-110.58845
ARCHER LAKE (L66) - COMPOSITE - (AB07DD0590),58.11306,-110.33583
ARCH LAKE - COMPOSITE - (AB07QA0030),59.86833,-110.61806
Virsbosjön,59.85862,16.08435
ANTLER LAKE - COMPOSITE - (AB05EB0980),53.49583,-112.97917
ANGLING LAKE - COMPOSITE - (AB06AD0480),54.20139,-110.32639
ANDREW LAKE - COMPOSITE - (AB07QA0010),59.92806,-110.09889
Virserumssjön,57.31467,15.57205
AMISK LAKE - COMPOSITE - (AB06AA0120),54.61611,-112.62306
Alsen,63.3769,13.916945
Allgunnen,57.22255,14.614887
Allgjuttern,57.950812,16.087808
Allequash,46.038,-89.701
Vrängen,57.22896,15.16892
ALIX LAKE - CENTRE COMPOSITE - (AB05CD1070),52.39048,-113.19853
AGNES LAKE - COMPOSITE - (AB07BK0240),54.91167,-114.975
Övre Skärsjön,59.83687382,15.5504245
Övre Rudan,59.16645,18.13247
Övre Hillen,60.16838413,15.22678936
"Övre Fryken, Stöpafors norr fiskodling",59.95849391,13.11386733
"Övre Fryken, Stöpafors",59.95980383,13.13457183
"Övre Fryken, 50 m söder om fiskodling",59.9613609,13.11925831
Övre Fjätsjön,62.2414,12.75958
Överudssjön,59.40224,12.9949
Översjön,57.3763,15.4059
Östra Ringsjön,55.87356246,13.48999996
Östra Lägern,57.82776888,15.19964589
"Öster-Svan, djuphålan",59.1731308,12.57015561
Östersjön,59.69786587,16.19595703
Östen,58.56374,13.92096
Örvattnet,59.73301,12.75268
Örsjön,57.12686816,13.16802925
"Öresjö, Djupaste punkten",57.7841,12.97324
Öjsjön,58.17227488,16.21496616
Öjevettern,59.50383958,14.23000224
"Åsunden (pelagialt, djupaste punkten)",57.75112755,13.38932774
Åsunden,57.94925275,15.85586041
Åsfjorden Grums/Karlstad kommun,59.31936193,13.14130716
Årsjön,56.3333,15.14095
Åmänningen,59.91152555,15.98622853
Ärlången,58.31189213,15.82207709
"Ämten, djuphålan",60.11292952,13.76130414
Älgsjön,59.20618398,17.08794974
Älgarydssjön,57.17569,14.27272
Ö. Särnamannasjön,61.58062593,12.75160836
"Ö Storsjön, 1,2 km V Stensängsholmen",60.58249244,16.85409635
ADAMSON LAKE - COMPOSITE - (AB05EB5210),53.61544,-112.92044
Whirlpool Lake,50.715399,-99.791397
Yddingesjön,55.55555,13.25231
7 Getasjön,56.66947,15.56873
57 Törn,56.56380087,15.53881831
469 Växjösjön mitt,56.86292,14.8199
468 Trummen mitt,56.86145,14.82715
442_ELA,49.46,-93.49
373_ELA,49.45,-93.48
316 N Bergundasjön,56.86511159,14.75835261
313 S Bergundasjön,56.84510685,14.7826741
239_ELA,49.41,-93.44
224_ELA,49.41,-93.43
21MICH_WQX-790134,43.738337,-83.640837
21MICH_WQX-320189,43.883337,-83.393059
21MICH_WQX-320188,43.846948,-83.562505
21MICH_WQX-090252,43.684726,-83.84306
21MICH_WQX-090250,43.838059,-83.792781
21MICH_WQX-060063,43.895281,-83.860559
21MICH_WQX-060062,43.94167,-83.623892
21IOWA_WQX-22970001,42.308223,-96.325165
1VTDECWQ-504920,44.74814985,-72.05794289
1VTDECWQ-504915,44.6675509,-72.22534714
1VTDECWQ-504889,44.88564802,-71.97924099
1VTDECWQ-504831,44.68585023,-72.36395133
1VTDECWQ-504701,44.65225249,-71.64643294
1VTDECWQ-504539,44.1907627,-72.09843742
1VTDECWQ-504526,44.2939603,-72.13703998
1VTDECWQ-503889,44.38815657,-72.49345284
1VTDECWQ-503876,44.30475879,-72.44734954
1VTDECWQ-503784,44.5866524,-72.30954943
1VTDECWQ-503680,44.84534636,-72.99628192
1VTDECWQ-503547,44.9758407,-73.21457374
1VTDECWQ-503535,44.94833991,-73.339577
1VTDECWQ-503519,44.58194659,-73.28067444
1VTDECWQ-503515,45.01334045,-73.17347328
1VTDECWQ-503512,44.97394435,-72.87507782
1VTDECWQ-503506,44.42584996,-73.23147127
1VTDECWQ-503498,44.56504757,-73.2078738
1VTDECWQ-503488,44.7853447,-73.16177906
1VTDECWQ-503485,44.70814467,-73.22647601
1VTDECWQ-503415,44.18425308,-73.3806705
1VTDECWQ-503414,43.85585981,-73.38236335
1VTDECWQ-503411,44.46644892,-73.27677294
1VTDECWQ-503409,44.54614722,-73.3270753
1VTDECWQ-503288,43.95175768,-73.40736604
1VTDECWQ-503179,43.91226226,-73.07595844
1VTDECWQ-503094,43.47137003,-73.2133525
1VTDECWQ-500470,44.75614234,-73.35457746
1VTDECWQ-500468,44.70114308,-73.41767841
1VTDECWQ-500459,44.474749,-73.23127217
1VTDECWQ-500458,44.47114878,-73.29877363
1VTDECWQ-500449,44.12615395,-73.41237004
1VTDECWQ-500289,43.48477156,-72.38823538
1VTDECWQ-500238,44.45675528,-72.33784911
1VTDECWQ-500155,43.36567267,-73.05174952
1VTDECWQ-500140,43.40897172,-73.03124952
114_ELA,49.4,-93.45
113 Örken södra delen,57.06519309,15.04367185
11 Västersjön,56.47876192,15.5884272
11 Hemfjärden,59.28158192,15.33852571
10 Kyrksjön,56.53464,15.60111
122517,42.094329,-74.839642
115040,41.962192,-74.241976
72641,41.412534,-75.240595
40610,42.104206,-75.287129
38705,43.202378,-75.922466
8333,41.696441,-71.619423
8312,41.583051,-71.67391
8293,41.937293,-71.711032
8289,41.523343,-71.449915
8281,41.677571,-71.550382
8272,41.422103,-71.552093
8065,41.903336,-71.545747
8057,41.752966,-71.549003
7970,41.511129,-71.572995
7965,41.743681,-71.318561
7810,44.26594,-69.925431
7792,41.876332,-71.584137
7789,41.653502,-71.590754
7695,41.563199,-71.479539
7596,41.434603,-71.488531
7595,41.410312,-71.553336
7593,41.8822,-71.691108
7540,41.499841,-71.542433
7534,44.230261,-70.044954
7523,44.272225,-69.983821
7169,43.132425,-74.490168
7168,42.406956,-73.415909
6973,44.318321,-75.774929
6547,42.855758,-75.517344
6546,42.588101,-75.651126
6537,42.677506,-76.302437
6534,42.866518,-75.755892
6521,43.205669,-73.423234
6494,42.817418,-73.399511
6490,42.641671,-76.918376
6408,42.106075,-79.726181
6399,42.814186,-75.892558
6065,40.177545,-92.641957
5549,45.93627,-89.002967
5453,45.879949,-89.052681
5435,44.585241,-72.310419
5407,44.972199,-72.874959
5295,46.042715,-92.176178
5210,42.99738,-88.457257
5093,44.853471,-72.989574
5085,45.333325,-92.429375
4906,45.9521,-89.380305
4722,46.001794,-89.613093
4664,46.043693,-89.673305
4655,44.668504,-72.225321
4534,45.541685,-88.059454
4449,44.648797,-71.650141
4338,45.312207,-92.409411
4099,45.408891,-84.805378
4002,44.009994,-88.412706
3860,45.429001,-89.482104
3834,45.837369,-89.582012
3804,44.687835,-72.527146
3636,42.76149,-88.695984
3431,44.923183,-85.84204
3343,45.686302,-84.751038
2855,44.928234,-85.251688
2537,43.364211,-73.052027
2529,45.614253,-89.430218
2062,44.811804,-85.32382
1917,44.457893,-72.342032
1627,44.690438,-86.092522
1572,45.928508,-95.350883
1505,45.124457,-85.204219
1451,46.061232,-95.307395
1141,44.868576,-85.981315
1109,44.861919,-85.377559
1054,44.972825,-85.313322
966,43.066402,-88.430776
618,45.911349,-88.988393
537,45.643999,-95.456219
493,46.295483,-95.551057
211,44.464741,-73.287532
Central Long Lake,45.612623,-79.009359
Crampton Lake,46.209812,-89.473917
Hummingbird Lake,,
Third Narrows,,
Tuesday Lake,49.11267,-89.484065
Loch leven,56.197019,-3.371707
BARTON BROAD (R.ANT),52.74494493,1.49656534
BARTON BROAD OUTFLOW,52.73588475,1.4988032
ALDERFEN BROAD NORTH EXCLOSURE,52.72367117,1.48597392
CROMES BROAD,52.72194422,1.51398058
HOVETON LITTLE BROAD POUND END,52.70513982,1.44303624
HOVETON LITTLE BROAD R.BURE,52.7059083,1.44753888
COCKSHOOT BROAD,52.68641744,1.46820309
RANWORTH BROAD,52.68508679,1.48289776
WROXHAM BROAD YACHT HOUSE PIER (R.BURE),52.69873057,1.41588324
SOUTH WALSHAM BROAD,52.67174002,1.50846777
FILBY BROAD,52.6624372,1.63790028
ORMESBY BROAD,52.68194758,1.646923
ROLLESBY BROAD SAILING CLUB,52.6776435,1.64064476
ORMESBY LITTLE BROAD,52.66862658,1.64137394
HORSEY MERE (R.THURNE),52.74103375,1.62666484
HICKLING BROAD (R.THURNE),52.7397361,1.58061683
HEIGHAM SOUND (R.THURNE),52.72641329,1.60470955
MARTHAM SOUTH BROAD (R.THURNE),52.72353439,1.64002539
UPTON GREAT BROAD,52.66561013,1.53312592
WHEATFEN BROAD,52.59822523,1.43907182
ROCKLAND BROAD (R.YARE),52.59275535,1.441597
R.BURE BEND U/S OF HORNING VILLAGE,52.84628662,1.22098537
R.BURE HORNING FERRY,52.69722863,1.46758027
R.BURE HORSTEAD MILL,52.72832382,1.35597609
RUTLAND WATER NORTH BUOY 1 0-5M SAMPLE,52.66615848,-0.67207984
RUTLAND WATER S BUOY 12 0-5M DEPTH SAMPL,52.64776416,-0.65933315
RUTLAND WATER LIM.TOWER 0-5M SAMPLE,52.65599204,-0.62419032
ALTON WATER LEMON HILL BRIDGE,51.9954049,1.11106546
ANGLESEY OUTLET FROM CHASEWATER,52.66283494,-1.94137075
LITTLESEA LAKE,50.65942014,-1.96219561
BATHING WATER - THE SERPENTINE (11940),51.50490502,-0.16907069
COTSWOLD WATER PARK LAKE 14,51.66757966,-1.91129323
COTSWOLD WATER PARK LAKE 16,51.66858418,-1.92025647
COTSWOLD WATER PARK LAKE 20,51.66158338,-1.92556028
COTSWOLD WATER PARK LAKE 21,51.65998223,-1.92450751
ENCLOSED WATER / LAKE N.C.R.S (W),49.89195251,-0.60911231
ALDERFEN INFLOW,52.72590286,1.48104117
RUTLAND WATER AT HAMBLETON SOUTH SHORE,52.65982345,-0.68203026
CROSE MERE SOUTH SHORE,52.87057427,-2.84847968
AQUALATE MERE ENGLISH NATURE SAMPLING PT,52.77794051,-2.3332399
TECHILL BK MERE O/F,52.91001101,-2.88916236
"POLCON 1-OFF, WATER: TRENT 03",49.89190756,-0.6091136
FONTHILL LAKE OUTLET,51.07851513,-2.09030339
SHEARWATER LAKE OUTFLOW,51.17964557,-2.21173218
BLAGDON LAKE,51.33976409,-2.711493
"STANBOROUGH SAILING LAKE, AT SAILING BAS",51.78325822,-0.2182789
COTSWOLD WATER PARK LAKE 12,51.66994252,-1.90884481
COTSWOLD WATER PARK LAKE 12 OUTFLOW,51.66760304,-1.90668055
BARTON BROAD INFLOW,52.74976938,1.49827107
UPTON GREAT BROAD EDGE,52.66497062,1.5295386
"POLCON 1-OFF, WATER: SEVERN 22",49.89190756,-0.6091136
"POLCON 1-OFF, WATER: TRENT 83",49.89190756,-0.6091136
ROSTHERNE MERE NEAR OUTLET,53.35183763,-2.3800215
TATTON MERE,53.31817725,-2.36772853
ROSTHERNE MERE,53.35452866,-2.38456762
HATCH MERE,53.2444923,-2.67129862
BETLEY MERE,53.02780749,-2.3762877
MARBURY BIG MERE,53.00410733,-2.65787711
OSS MERE,52.99068144,-2.64724478
GRASMERE,54.45044268,-3.02556075
CONISTON,54.35302557,-3.06621393
ELTERWATER  (INNER BASIN),54.42923891,-3.03532836
BASSENTHWAITE,54.65537097,-3.22131308
ULLSWATER WFD,54.5628457,-2.93014498
BROTHERSWATER,54.50492184,-2.9244735
CHAPEL MERE,53.06192053,-2.6878557
COMBERMERE,52.99760901,-2.61233423
OAK MERE,53.20466785,-2.63923575
MERE MERE (SAMPLE FROM WATERS EDGE),53.32977163,-2.4015371
ENNERDALE AS PART OF A WQ SURVEY,54.51728721,-3.35628703
LOWESWATER AS PART OF A WQ SURVEY,54.58408578,-3.35686562
TABLEY MERE,53.2874533,-2.41696526
MELCHETT MERE,53.32714242,-2.37531271
R EEA AT EES BRIDGE,54.34838738,-2.97717027
BLACK LAKE (DELAMERE),53.23312845,-2.69359312
BAR MERE,53.02549034,-2.69174857
OAK MERE NEAR INTERSECTION OF A54 & A49,53.20245826,-2.63556501
ULLSWATER SOUTH BUOY,54.54954393,-2.94530238
THIRLMERE (WFD STILLWATER SITE),54.56141203,-3.06785688
ENNERDALE WATER (WFD STILLWATER SITE),54.52291877,-3.37254267
WAST WATER (WFD STILLWATER SITE),54.4267251,-3.31918128
BUTTERMERE (WFD STILLWATER SITE),54.53562619,-3.28001891
LOWESWATER FFD SITE AT NY 12765 21243,54.57884717,-3.35113701
HAWES WATER (WFD STILLWATER SITE),54.18094365,-2.80143548
ELTER WATER (WFD STILLWATER SITE),54.4273977,-3.02251889
WINDERMERE (WFD STILLWATER SITE),54.27371103,-2.95463779
CONSITON WATER (WFD STILLWATER SITE),54.30040529,-3.09309668
TALKIN TARN (WFD STILLWATER SITE),54.92469984,-2.71121255
ELTERWATER (MIDDLE BASIN),54.42874614,-3.02988992
ELTERWATER  (OUTER BASIN),54.42797884,-3.02499967
TABLEY MERE OFF A556 TO NORTHWICH,53.29081117,-2.41809308
COMBER MERE ON A525 TO WHITCHURCH,52.99507083,-2.60067719
SUNBIGGIN TARN,54.46364308,-2.50135427
RED TARN (WFD STILLWATER SITE),54.52960657,-3.00591026
GRISEDALE TARN (WFD STILLWATER SITE),54.50069393,-3.00272927
BLEA TARN (WFD STILLWATER SITE),54.42910304,-3.09162057
TATTON MERE WFD POINT AT SJ7554380701,53.32267787,-2.36862295
MISCELLANEOUS LOWER HAMPSHIRE AVON,50.83085847,-1.80257238
MISCELLANEOUS LITTLE AVON CATCHMENT,51.63068387,-2.38425417
ENCLOSED WATER / LAKE N.C.R.S (N),49.89195251,-0.60911231
ALDERFEN BROAD EDGE,52.72340975,1.48324221
CROMES BROAD EDGE,52.72281242,1.51351716
RANWORTH BROAD EDGE,52.68279636,1.4873772
WROXHAM BROAD (R.BURE) EDGE,52.69762877,1.41416869
SOUTH WALSHAM BROAD EDGE,52.67168134,1.50741255
ROLLESBY BROAD SAILING CLUB EDGE,52.67722833,1.64127612
HORSEY MERE (R.THURNE) EDGE,52.74103375,1.62666484
HICKLING BROAD (R.THURNE) EDGE,52.74620301,1.57138006
CARR BK - STAUNTON HAROLD SAILING CLUB,52.81395399,-1.44105107
"POLCON 1-OFF, WATER: TRENT 16",49.89190756,-0.6091136
BROOMLEE LOUGH AT OVERFLOW,55.02129573,-2.33437309
AD HOC SAMPLES IN AREA 256,49.89191655,-0.60911334
CASTLE WATER,50.93018711,0.73946078
GREATSTONE LAKE,50.95787701,0.95756507
MOCKBEGGAR LAKE,50.875087,-1.77893539
SNAILS LAKE,50.86332189,-1.78711844
"SILVERWINGS LAKE, WRAYSBURY",51.44970642,-0.54935395
"KINGSMEAD SMALL LAKE, HORTON",51.46320759,-0.55036571
TURNFORD MARSH LAKE :TURNFORD,51.71910109,-0.01912921
STEWARTBY LAKE CONCRETE PLATFORM,52.07201944,-0.52635133
THOMPSON WATER,52.51730983,0.81917011
HOVETON GREAT BROAD EDGE,52.69176927,1.42553814
HARDLEY FLOOD EDGE SAMPLE,52.54160417,1.50776612
FRITTON LAKE AT COUNTRY PARK EDGE SAMPLE,52.54180596,1.65263327
MISC.10KM SQ BUNGAY (N).............TM39,52.45950316,1.38407268
TALLINGTON LAKES,52.67248254,-0.36585212
THRAPSTON LAKE,52.40172579,-0.54151786
UPTON LITTLE BROAD,52.66547792,1.53755343
GREAT LAKE AT CLUMBER WFD POINT,53.24999584,-1.13519478
ATTENBOROUGH SAILING CLUB WFD POINT,52.89563574,-1.24036855
UPPER MID SEVERN (MONT-BEWDLEY),49.89190756,-0.6091136
"POLCON 1-OFF, WATER: TRENT 62",49.89190756,-0.6091136
"POLCON 1-OFF, WATER: TRENT 73",49.89190756,-0.6091136
MALHAM TARN,54.09206544,-2.16299422
MISC LAKE SAMPLES NORTH CUMBRIA,49.89192554,-0.60911308
MISC LAKE SAMPLES SOUTH CUMBRIA,49.89192554,-0.60911308
ENNERDALE WATER NEAR BOWNESS KNOTT,54.51990416,-3.37287414
DERWENTWATER,54.57877631,-3.14636513
CAPTAINS CLOUGH AT MORTFIELD,53.58666921,-2.44558656
WINDERMERE SOUTH BASIN,54.31581004,-2.95103246
GRASMERE WFD STILLWATER MONITORING POINT,54.44890012,-3.01879805
WINDERMERE NORTH BASIN WFD,54.4007106,-2.95606298
NOOK LAKE,50.92684687,0.74381883
WESTBERE LAKES POINT1,51.30294966,1.14585829
GREAT PUCKSTONE LAKE 2,51.30545414,1.1697068
MURSTON ANGLING LAKE,51.35015491,0.7717268
WESTBERE LAKES,51.30144134,1.14173752
NORTH POINT LAKE,50.9450886,0.75599869
FORDWICH LAKE,51.29624643,1.13420922
THE GARA AT SLAPTON LEY 2,50.27843659,-3.65211648
"VIRGINIA WATER OUTLET, ABOVE A30 ROADBRI",51.40756102,-0.59597875
THORPE PARK LAKE (FLEET LAKE),51.40822228,-0.51046463
LAKE AT BURGHFIELD,51.42538197,-1.01597148
BURGHFIELD SAILING CLUB AT BURGHFIELD LA,51.42792782,-1.06560011
LAKE AT SONNING EYE,51.47704002,-0.92283562
TURNERSHILL MARSH :FISHERS GREEN,51.70628972,-0.01664926
BOWYERS WATER :WALTHAM CROSS,51.69293693,-0.02475717
BROGBOROUGH LAKE EAST BANK NR ROAD,52.04844273,-0.56931568
DRAYCOTE WATER NRMP,52.31958813,-1.3195075
CARSINGTON WATER NRMP,53.06981855,-1.62990315
HAY-A-PARK LAKE,54.0170733,-1.4524945
KIMMER LOUGH,55.45121864,-1.81184516
HARBOTTLE LAKE,55.33268225,-2.13238904
DARDEN LOUGH,55.25457004,-2.04717681
BOLAM LAKE AT OUTLET,55.13064217,-1.87043835
KIELDER WATER AT DAM NORTH SLIPWAY,55.18771274,-2.46417607
COANWOOD FEN,54.92689627,-2.4815136
GRINDON LOUGH,55.00303791,-2.3063937
THROXENBY MERE (SCARBOROUGH),54.28518385,-0.45066101
SEMERWATER OUTFLOW @ RD BRIDGE,54.28488331,-2.12131567
HAY-A-PARK SSSI,54.02123349,-1.44439623
QUEEN MARYS DUBB,54.16939305,-1.53589837
SCARBOROUGH MERE,54.25922627,-0.41265426
GREAT LAKE AT CASTLE HOWARD,54.12541178,-0.90744927
GORMIRE SSSI,54.24293297,-1.22813133
SWALE LAKES SSSI,54.37690412,-1.61664818
ROSTHERNE MERE OUTLET TO BLACKBURNS BK,53.35250007,-2.37233559
BAR MERE NEAR BIRD HIDE ON MERE,53.02684492,-2.69069675
BEWL WATER,51.06820387,0.39358845
MISCELLANEOUS ALLEN CATCHMENT,50.89397204,-2.02269119
COLLIFORD LAKE DAM SURFACE,50.51038732,-4.57269488
MISC.10KM SQ AMPTHILL...............TL03,51.95951053,-0.54605048
"POLCON 1-OFF, WATER: TRENT 14",49.89190756,-0.6091136
"POLCON 1-OFF, WATER: TRENT 41",49.89190756,-0.6091136
FISHERIES WATER SPLS: TRENT 69,49.89190756,-0.6091136
"POLCON 1-OFF, WATER: TRENT 70",49.89190756,-0.6091136
SPROTBOROUGH (LONG LAKE),53.5048335,-1.1921397
MISC LAKE SAMPLES LUNE/WYRE,49.89192554,-0.60911308
WATCHLANE FLASH - UNIT 16,53.14111581,-2.40352826
NEWHOUSES TARN (BOAT HOUSE),54.16833688,-2.30750453
MALHAM TARN (WEST BOAT HOUSE),54.10026485,-2.1674305
CRABMILL FLASH,53.14318759,-2.42295265
BEWL BRIDGE RAW WATER,51.07585133,0.38730168
DECOY BROAD R.BURE,52.69783217,1.44690197
FRITTON LAKES LOUND MILL WATER,52.5467897,1.68940203
SWANHOLME LAKE LINCOLN,53.20838703,-0.58980244
CLUMBER LAKE AT HARDWICK,53.27105757,-1.04565452
KEDLESTON PARK LAKE AT FOOTBRIDGE,52.96303935,-1.53605374
MELBOURNE WTW STAUNTON HAROLD DWD S/P,52.81130295,-1.43173819
CARSINGTON WATER LAKE SAMPLE,53.04781965,-1.63492433
COP MERE LAKE WFD,52.86297415,-2.29152959
LINSHIELS LAKE AT THE OUTFLOW,55.33294594,-2.17305838
SWEETHOPE LOUGHS AT LOUGH HOUSE,55.13467857,-2.08624557
TINDALE TARN AT OVERFLOW,54.92298891,-2.61112357
WITTON CASTLE LAKES AT OVERFLOW,54.67419478,-1.75830404
DEARNE 01: SOURCE TO LUNDWOOD - AD HOC,53.55372172,-1.43321958
MISC LAKE SAMPLES IN MERSEYSIDE,49.89192554,-0.60911308
BLELHAM TARN,54.39751108,-2.97514997
MISC SAMPLES ON ROCH IRK MEDLOCK LEAP,49.89192554,-0.60911308
BETLEY MERE FROM JETTY,53.02861574,-2.37368543
OSS MERE - BANKSIDE SAMPLE,52.99254441,-2.6484943
BROTHERSWATER - LAKES TOUR,54.50607696,-2.92502467
CONISTON - LAKES TOUR,54.35302557,-3.06621393
ELTERWATER - LAKES TOUR,54.42878541,-3.0358102
ENNERDALE - LAKES TOUR,54.52065403,-3.37648372
ULLSWATER - LAKES TOUR,54.5472553,-2.94605334
BUTTERMERE - LAKES TOUR,54.527356,-3.25617972
CRUMMOCK WATER - LAKES TOUR,54.55473435,-3.30186335
WASTWATER - LAKES TOUR,54.43790267,-3.30123838
HAWESWATER - LAKES TOUR,54.51770167,-2.80788263
LOUGHRIGG TARN - LAKES TOUR,54.43096622,-3.01392874
RYDAL WATER - LAKES TOUR,54.44803025,-2.991572
THIRLMERE - LAKES TOUR,54.52927514,-3.05535068
BLEA WATER,54.48994862,-2.84864623
THURSTONFIELD LOUGH,54.89819633,-3.06335729
LITTLE LANGDALE TARN,54.42051983,-3.0674887
DEVOKE WATER,54.36063346,-3.29879298
TARN HOWS,54.39106975,-3.0320874
HEDGECOURT LAKE,51.14790714,-0.05923931
"OUTPUT OF THE LAKE AT SLUICE, STOVER",50.56497723,-3.64268453
SHERBORNE LAKE,50.9477439,-2.50315006
CRANE CATCHMENT EFFLUENT N.C.R.S,49.89195251,-0.60911231
BOLDERMERE,51.315089,-0.45506345
ENCLOSED WATER / LAKE N.C.R.S (S),49.89195251,-0.60911231
THAMES CATCHMENT EFFLUENT N.C.R.S (N),49.89195251,-0.60911231
"L2.2, SNETTISHAM LAGOONS, S END OF L2",52.86136421,0.44678691
"L3.2, SNETTISHAM LAGOONS, CAUSEWAY L3",52.857455,0.44711675
"L4.2,SNETTISHAM LAGOONS,E.SIDE 2 ISLANDS",52.85239272,0.44842145
"L1.4, SNETTISHAM LAGOONS, OPP CHICANE",52.86981592,0.44593981
SEA MERE,52.57179615,1.00596697
MERE ELLESMERE SP SURVEY SAMP. POINT 4,52.91319136,-2.88461751
"POLCON 1-OFF, WATER: TRENT 61",49.89190756,-0.6091136
MILFORD LAKE,51.34582597,-1.35302676
BURNT FEN BROAD SOUTH END,52.71274245,1.45992564
MISC.10KM SQ MARKET HARBOROUGH......SP78,52.41354606,-0.97226189
MISC.10KM SQ NORTH WALSHAM..........TG23,52.82263344,1.26377325
MISC.10KM SQ BUNGAY (S).............TM38,52.36975724,1.37720571
SEMER WATER,54.2828609,-2.12161687
ROTHAY D/S RYDAL WATER U/S RYDAL BECK,54.44708467,-2.98411592
MERE MERE (MID MERE SAMPLE FROM BOAT),53.33089115,-2.40274886
MISCELLANEOUS BRUE CATCHMENT,51.15712546,-2.67344514
"SPRING LAKE, FEN LAKES FISHERY",52.4750163,1.12302153
"KINGFISHER LAKE, FEN LAKES FISHERY",52.47481316,1.12458301
MISC.10KM SQ BRISTON................TG03,52.83041689,0.96739105
MISC.10KM SQ BLAKENEY...............TG04,52.92019043,0.97352729
MISC.10KM SQ IPSWICH................TM14,52.01867541,1.05912401
MISC.10KM SQ BUNWELL................TM19,52.46755168,1.09016996
COLE MERE - LITTLE MILL COTTAGE,52.89519873,-2.85075988
WHITE MERE - WHITEMERE COTTAGES,52.89259906,-2.87450645
GREENLEE LOUGH FIXED,55.01859829,-2.36609898
ESTHWAITE WATER - LAKES TOUR,54.36267928,-2.98797503
ROCKFORD LAKE,50.87342497,-1.77978175
HOVETON GREAT BROAD,52.69659458,1.42755938
"HUDSON'S BAY, R.BURE",52.69828755,1.42406504
MISC.10KM SQ NORTHAMPTON (N)........SP76,52.2337701,-0.97641727
"POULTER, EXIT FROM CARBURTON FORGE DAM",53.24445572,-1.11527077
CRAG LOUGH AT OVERFLOW,55.00621098,-2.36160848
ESTWAITE WATER BLUE-GREEN ALGAE MONITOR,54.34987873,-2.98166741
ESTHWAITE WATER @ SITE 'A' (NORTH BASIN),54.36541659,-2.98734821
CUNSEY BECK AT EES BRIDGE,54.34828705,-2.97735251
BUTTERMERE AS PART OF A WQ SURVEY,54.53104743,-3.26417452
BUTTERMERE AT NY 17778 16219,54.53454934,-3.2721958
MISCELLANEOUS HAYLE,50.17582505,-5.43698385
BIG WATERS U/S STEPPING STONES,55.05469816,-1.63979558
PARK MILL FARM WEIR,51.06848217,-0.61443622
STOVER LAKE SURFACE,50.56330195,-3.64604333
SLAPTON LEY,50.28507832,-3.65120931
THOMPSON WATER CONTROL 1A,52.51817772,0.82011016
THOMPSON WATER CONTROL 2A,52.51824801,0.82055691
THOMPSON WATER CONTROL 3,52.51827235,0.82104494
THOMPSON WATER IMPACT 1,52.51725316,0.81928441
THOMPSON WATER IMPACT 2,52.51698539,0.81957683
THOMPSON WATER IMPACT 3,52.51675179,0.81994514
LILY BROAD,52.6733484,1.63142396
MISC.10KM SQ CORBY (W)..............SP88,52.41217596,-0.82527137
MISC.10KM SQ FAKENHAM...............TL96,52.20548129,0.77918773
SKELSMERGH TARN,54.36310734,-2.71923005
THOMPSON WATER CONTROL 1B,52.51965253,0.82161985
THOMPSON WATER CONTROL 2B,52.51931965,0.82237983
"POLCON 1-OFF, WATER: SEVERN 08",49.89190756,-0.6091136
BETLEY MERE ADJACENT  MERE GUTTER INLET,53.02889045,-2.37777327
"BOATING LAKE, VERULAMIUM PARK",51.75226279,-0.35077454
LARGE LAKE - MIDDLE - VERULAMIUM PARK,51.75066595,-0.34976068
LARGE LAKE - ABOVE OUTFLOW - VERULAMIUM,51.74899841,-0.34883639
HORNSEA MERE - NUMBER 2,53.90197849,-0.19333341
HORNSEA MERE - NUMBER 4,53.90914228,-0.19150181
HORNSEA MERE - KIRKHOLME POINT,53.90790697,-0.1781581
HERONS CARR SOUTH 5 WITHIN BARTON BROAD,52.73542458,1.4930616
BARTON ENCLOSURE 3 ADJ TO O/FLOW (R.ANT),52.734628,1.4975023
BARTON ENCLOSURE 1 ON NEATISHEAD ARM,52.73900551,1.48905073
HERONS CARR S ENCLOSURE 4 BARTON BROAD,52.73371885,1.49295477
RANWORTH BROAD ENCLOSURE 1 (R. BURE),52.68605116,1.47732074
RANWORTH BROAD ENCLOSURE 2 (R. BURE),52.6858683,1.48476565
RANWORTH BROAD ENCLOSURE 3 (R. BURE),52.6825825,1.48608741
SWEAT MERE,52.8698818,-2.83711585
ROSTHERNE MERE - BANKSIDE @ SJ7423983875,53.35114528,-2.38845805
CASTLE WATER LAKE 1,50.94206289,0.74583962
CASTLE WATER LAKE 2,50.94193418,0.74557577
CASTLE WATER LAKE 3,50.94188712,0.74681159
CASTLE WATER LAKE 4,50.9413332,0.74703519
BROADWATER LAKE,51.59099224,-0.49157258
DATCHET 2,51.47578686,-0.56415127
DATCHET 3 (S),51.4736607,-0.56309483
SUNNYMEADS (WRAYSBURY 1 SOUTH),51.4615261,-0.55765994
SUNNYMEADS 1,51.46778436,-0.55543267
SUNNYMEADS 2,51.46727933,-0.55458477
SUNNYMEADS 3,51.46477193,-0.55106479
KINGSMEAD,51.47076143,-0.5474771
SILVERWINGS,51.44798995,-0.54726401
WRAYSBURY 2 (N),51.45666482,-0.5419653
HYTHE LAGOON (HYTHE END WEST),51.44461512,-0.53692386
"COLNE MERE, (HYTHE END CENTRAL)",51.4491847,-0.53271947
HERON LAKE,51.44707131,-0.52911751
ST ANNS LAKE,51.40152155,-0.51958159
MANOR LAKE,51.40815133,-0.51692298
FLEET LAKE,51.40859367,-0.51634788
ABBEY LAKE,51.40305427,-0.50713901
ABBEY 1,51.39990807,-0.50511384
ABBEY 2,51.39842172,-0.49928269
LITTLETON SOUTH,51.39041524,-0.48436676
LITTLETON NORTH,51.39473472,-0.48113341
LITTLETON EAST,51.39641808,-0.4750401
SHEEPWALK WEST,51.39600921,-0.4650775
SHEEPWALK EAST,51.39576189,-0.4633608
FERRY LANE BRPS,51.38633687,-0.45644751
MISC.10KM SQ COGGESHALL.............TL82,51.84957953,0.61198446
Alfhildsgrund V,58.735076,12.550109
Hönan SV,,
Kållandsö N,58.717989,13.134857
Kånkåstjärnen,62.607965,16.895842
Megrundet V,58.8462307,12.81398025
Stora Ålagylet,56.28447426,14.70517941
Sörfjärden,,
150B Salen norra delen,56.86762177,14.55852248
Grönsöfjärden Selaön,59.46640636,17.26904545
Gåsen,58.2197949,16.67385698
Kolsundet O,59.35521969,17.29846349
Kyrkfjärden,59.43482663,18.18965389
Långhalsen Torpfjärden,58.90992089,16.77879959
Nimmern,58.04644562,15.77894729
Norrviken 3,59.45705801,17.93456373
Ridöfjärden,59.51984251,16.61333915
Sigtunafjärden,59.61226626,17.72056073
Stäket,59.89459729,18.90907141
"Tåkern, Glänås",58.34981711,14.82350938
Svinstadsjön,58.37240176,15.83133196
